Country,Region,Happiness Rank,Happiness Score,Economy (GDP per Capita),Family,Health (Life Expectancy),Freedom,Trust (Government Corruption),Generosity,Area,population,Area/population,UnenploymentRate
Switzerland,Western Europe,1,7.587,1.39651,1.34951,0.94143,0.66557,0.41978,0.29678,41284,8282396,0.004984548,4.5
Iceland,Western Europe,2,7.561,1.30232,1.40223,0.94784,0.62877,0.14145,0.4363,103000,330815,0.311352266,4
Denmark,Western Europe,3,7.527,1.32548,1.36058,0.87464,0.64938,0.48357,0.34139,43094,5683483,0.007582322,6.199999809
Norway,Western Europe,4,7.522,1.459,1.33095,0.88521,0.66973,0.36503,0.34699,323802,5188607,0.062406345,4.300000191
Canada,North America,5,7.427,1.32629,1.32261,0.90563,0.63297,0.32957,0.45811,9984670,35702908,0.279659853,6.900000095
Finland,Western Europe,6,7.406,1.29025,1.31826,0.88911,0.64169,0.41372,0.23351,338424,5479531,0.06176149,9.399999619
Netherlands,Western Europe,7,7.378,1.32944,1.28017,0.89284,0.61576,0.31814,0.4761,41850,16939923,0.002470495,6.900000095
Sweden,Western Europe,8,7.364,1.33171,1.28907,0.91087,0.6598,0.43844,0.36262,450295,9799186,0.045952286,7.400000095
New Zealand,Australia and New Zealand,9,7.286,1.25018,1.31967,0.90837,0.63938,0.42922,0.47501,270467,4595700,0.058852188,5.400000095
Australia,Australia and New Zealand,10,7.284,1.33358,1.30923,0.93156,0.65124,0.35637,0.43562,7692024,23815995,0.322977226,6.099999905
Israel,Middle East and Northern Africa,11,7.278,1.22857,1.22393,0.91387,0.41319,0.07785,0.33172,20770,8380100,0.002478491,5.300000191
Costa Rica,Latin America and Caribbean,12,7.226,0.95578,1.23788,0.86027,0.63376,0.10583,0.25497,51100,4847804,0.010540855,9.600000381
Austria,Western Europe,13,7.2,1.33723,1.29704,0.89042,0.62433,0.18676,0.33088,83871,8642699,0.00970426,5.699999809
Mexico,Latin America and Caribbean,14,7.187,1.02054,0.91451,0.81444,0.48181,0.21312,0.14074,1964375,121858258,0.016120163,4.300000191
United States,North America,15,7.119,1.39451,1.24711,0.86179,0.54604,0.1589,0.40105,9372610,320742673,0.029221587,5.300000191
Brazil,Latin America and Caribbean,16,6.983,0.98124,1.23287,0.69702,0.49049,0.17521,0.14574,8515767,204471769,0.041647642,8.5
Luxembourg,Western Europe,17,6.946,1.56391,1.21963,0.91894,0.61583,0.37798,0.28034,2586,569604,0.004539996,6.699999809
Ireland,Western Europe,18,6.94,1.33596,1.36948,0.89533,0.61777,0.28703,0.45901,70273,4701957,0.014945479,9.399999619
Belgium,Western Europe,19,6.937,1.30782,1.28566,0.89667,0.5845,0.2254,0.2225,30528,11274196,0.002707776,8.5
United Arab Emirates,Middle East and Northern Africa,20,6.901,1.42727,1.12575,0.80925,0.64157,0.38583,0.26428,83600,9262900,0.009025251,4
United Kingdom,Western Europe,21,6.867,1.26637,1.28548,0.90943,0.59625,0.32067,0.51912,242900,65128861,0.003729529,5.300000191
Oman,Middle East and Northern Africa,22,6.853,1.36011,1.08182,0.76276,0.63274,0.32524,0.21542,309500,4267348,0.072527481,16.10000038
Venezuela,Latin America and Caribbean,23,6.81,1.04424,1.25596,0.72052,0.42908,0.11069,0.05841,916445,31980000,0.028656817,7
Singapore,Southeastern Asia,24,6.798,1.52186,1.02,1.02525,0.54252,0.4921,0.31105,710,5535002,0.000128275,1.700000048
Panama,Latin America and Caribbean,25,6.786,1.06353,1.1985,0.79661,0.5421,0.0927,0.24434,75417,3968487,0.019003968,4.5
Germany,Western Europe,26,6.75,1.32792,1.29937,0.89186,0.61477,0.21843,0.28214,357114,81686611,0.004371757,4.599999905
Chile,Latin America and Caribbean,27,6.67,1.10715,1.12447,0.85857,0.44132,0.12869,0.33363,756102,17969353,0.042077308,6.199999809
Qatar,Middle East and Northern Africa,28,6.611,1.69042,1.0786,0.79733,0.6404,0.52208,0.32573,11586,2565710,0.004515709,0.200000003
France,Western Europe,29,6.575,1.27778,1.26038,0.94579,0.55011,0.20646,0.12332,551695,66593366,0.008284534,10.39999962
Argentina,Latin America and Caribbean,30,6.574,1.05351,1.24823,0.78723,0.44974,0.08484,0.11451,2780400,43131966,0.064462631,7.199999809
Czech Republic,Central and Eastern Europe,31,6.505,1.17898,1.20643,0.84483,0.46364,0.02652,0.10686,78865,10546059,0.007478149,5
Uruguay,Latin America and Caribbean,32,6.485,1.06166,1.2089,0.8116,0.60362,0.24558,0.2324,181034,3412009,0.053057891,7.5
Colombia,Latin America and Caribbean,33,6.477,0.91861,1.24018,0.69077,0.53466,0.0512,0.18401,1141748,47520667,0.024026346,9
Thailand,Southeastern Asia,34,6.455,0.9669,1.26504,0.7385,0.55664,0.03187,0.5763,513120,68714511,0.007467418,1
Saudi Arabia,Middle East and Northern Africa,35,6.411,1.39541,1.08393,0.72025,0.31048,0.32524,0.13706,2149690,31717667,0.067775792,5.599999905
Spain,Western Europe,36,6.329,1.23011,1.31379,0.95562,0.45951,0.06398,0.18227,505992,46444832,0.010894474,22.10000038
Malta,Western Europe,37,6.302,1.2074,1.30203,0.88721,0.60365,0.13586,0.51752,316,445053,0.000710028,5.400000095
Taiwan,Eastern Asia,38,6.298,1.29098,1.07617,0.8753,0.3974,0.08129,0.25376,36193,23577477,0.001535067,3.85
Kuwait,Middle East and Northern Africa,39,6.295,1.55422,1.16594,0.72492,0.55499,0.25609,0.16228,17818,3835591,0.004645438,3.299999952
Suriname,Latin America and Caribbean,40,6.269,0.99534,0.972,0.6082,0.59657,0.13633,0.16991,163820,559143,0.292984085,7.300000191
Trinidad and Tobago,Latin America and Caribbean,41,6.168,1.21183,1.18354,0.61483,0.55884,0.0114,0.31844,5130,1370328,0.003743629,3.400000095
El Salvador,Latin America and Caribbean,42,6.13,0.76454,1.02507,0.67737,0.4035,0.11776,0.10692,21041,6325124,0.003326575,7
Guatemala,Latin America and Caribbean,43,6.123,0.74553,1.04356,0.64425,0.57733,0.09472,0.27489,108889,16252429,0.00669986,2.400000095
Uzbekistan,Central and Eastern Europe,44,6.003,0.63244,1.34043,0.59772,0.65821,0.30826,0.22837,447400,31298900,0.014294432,8.800000191
Slovakia,Central and Eastern Europe,45,5.995,1.16891,1.26999,0.78902,0.31751,0.03431,0.16893,49037,5426257,0.009036984,5.6
Japan,Eastern Asia,46,5.987,1.27074,1.25712,0.99111,0.49615,0.1806,0.10705,377930,127141000,0.002972527,3.400000095
South Korea,Eastern Asia,47,5.984,1.24461,0.95774,0.96538,0.33208,0.07857,0.18557,100210,51010000,0.001964517,3.6
Ecuador,Latin America and Caribbean,48,5.975,0.86402,0.99903,0.79075,0.48574,0.1809,0.11541,276841,16212020,0.01707628,4.800000191
Bahrain,Middle East and Northern Africa,49,5.96,1.32376,1.21624,0.74716,0.45492,0.306,0.17362,765,1371851,0.000557641,1.100000024
Italy,Western Europe,50,5.948,1.25114,1.19777,0.95446,0.26236,0.02901,0.22823,301336,60730582,0.004961849,11.89999962
Bolivia,Latin America and Caribbean,51,5.89,0.68133,0.97841,0.5392,0.57414,0.088,0.20536,1098581,10869730,0.10106792,3.099999905
Moldova,Central and Eastern Europe,52,5.889,0.59448,1.01528,0.61826,0.32818,0.01615,0.20951,33846,3554108,0.009523065,4.900000095
Paraguay,Latin America and Caribbean,53,5.878,0.75985,1.30477,0.66098,0.53899,0.08242,0.3424,406752,6688746,0.060811399,5.300000191
Kazakhstan,Central and Eastern Europe,54,5.855,1.12254,1.12241,0.64368,0.51649,0.08454,0.11827,2724900,17542806,0.155328629,5
Slovenia,Central and Eastern Europe,55,5.848,1.18498,1.27385,0.87337,0.60855,0.03787,0.25328,20273,2063531,0.009824422,9
Lithuania,Central and Eastern Europe,56,5.833,1.14723,1.25745,0.73128,0.21342,0.01031,0.02641,65300,2904910,0.022479182,9.100000381
Nicaragua,Latin America and Caribbean,57,5.828,0.59325,1.14184,0.74314,0.55475,0.19317,0.27815,130373,6223240,0.020949377,5.800000191
Peru,Latin America and Caribbean,58,5.824,0.90019,0.97459,0.73017,0.41496,0.05989,0.14982,1285216,30470734,0.042178702,6.400000095
Belarus,Central and Eastern Europe,59,5.813,1.03192,1.23289,0.73608,0.37938,0.1909,0.11046,207600,9489616,0.021876544,0.5
Poland,Central and Eastern Europe,60,5.791,1.12555,1.27948,0.77903,0.53122,0.04212,0.16759,312679,37986412,0.008231338,7.5
Malaysia,Southeastern Asia,61,5.77,1.12486,1.07023,0.72394,0.53024,0.10501,0.33075,330803,30270962,0.010928064,3.099999905
Croatia,Central and Eastern Europe,62,5.759,1.08254,0.79624,0.78805,0.25883,0.0243,0.05444,56594,4203604,0.013463209,16.29999924
Libya,Middle East and Northern Africa,63,5.754,1.13145,1.11862,0.7038,0.41668,0.11023,0.18295,1759540,6418315,0.274143603,18.5
Russia,Central and Eastern Europe,64,5.716,1.13764,1.23617,0.66926,0.36679,0.03005,0.00199,17098242,144100000,0.118655392,5.57
Jamaica,Latin America and Caribbean,65,5.709,0.81038,1.15102,0.68741,0.50442,0.02299,0.2123,10991,2891021,0.003801771,13.5
North Cyprus,Western Europe,66,5.695,1.20806,1.07008,0.92356,0.49027,0.1428,0.26169,3355,848000,0.003956368,16
Cyprus,Western Europe,67,5.689,1.20813,0.89318,0.92356,0.40672,0.06146,0.30638,9251,1160985,0.007968234,14.89999962
Algeria,Middle East and Northern Africa,68,5.605,0.93929,1.07772,0.61766,0.28579,0.17383,0.07822,2381741,39728025,0.059951155,11.19999981
Kosovo,Central and Eastern Europe,69,5.589,0.80148,0.81198,0.63132,0.24749,0.04741,0.2831,10890,1801800,0.006043956,35
Turkmenistan,Central and Eastern Europe,70,5.548,0.95847,1.22668,0.53886,0.4761,0.30844,0.16979,488100,5565287,0.087704372,8.800000191
Mauritius,Sub-Saharan Africa,71,5.477,1.00761,0.98521,0.7095,0.56066,0.07521,0.37744,2040,1262605,0.001615707,7.900000095
Hong Kong,Eastern Asia,72,5.474,1.38604,1.05818,1.01328,0.59608,0.37124,0.39478,1104,7291000,0.00015142,3.3
Estonia,Central and Eastern Europe,73,5.429,1.15174,1.22791,0.77361,0.44888,0.15184,0.0868,45227,1315407,0.034382514,6.199999809
Indonesia,Southeastern Asia,74,5.399,0.82827,1.08708,0.63793,0.46611,0,0.51535,1904569,258383256,0.007371101,6
Vietnam,Southeastern Asia,75,5.36,0.63216,0.91226,0.74676,0.59444,0.10441,0.1686,331212,92677076,0.003573829,2.099999905
Turkey,Middle East and Northern Africa,76,5.332,1.06098,0.94632,0.73172,0.22815,0.15746,0.12253,783562,78529409,0.009977943,10.19999981
Kyrgyzstan,Central and Eastern Europe,77,5.286,0.47428,1.15115,0.65088,0.43477,0.04232,0.3003,199951,5957000,0.033565721,2.4
Nigeria,Sub-Saharan Africa,78,5.268,0.65435,0.90432,0.16007,0.34334,0.0403,0.27233,923768,181137448,0.005099818,4.300000191
Bhutan,Southern Asia,79,5.253,0.77042,1.10395,0.57407,0.53206,0.15445,0.47998,38394,727876,0.052747996,2.400000095
Azerbaijan,Central and Eastern Europe,80,5.212,1.02389,0.93793,0.64045,0.3703,0.16065,0.07799,86600,9649341,0.008974706,5
Pakistan,Southern Asia,81,5.194,0.59543,0.41411,0.51466,0.12102,0.10464,0.33671,881912,199426964,0.00442223,5.900000095
Jordan,Middle East and Northern Africa,82,5.192,0.90198,1.05392,0.69639,0.40661,0.14293,0.11053,89342,9266575,0.009641318,13.10000038
Montenegro,Central and Eastern Europe,82,5.192,0.97438,0.90557,0.72521,0.1826,0.14296,0.1614,13812,622159,0.022200113,17.5
China,Eastern Asia,84,5.14,0.89012,0.94675,0.81658,0.51697,0.02781,0.08185,9706961,1371220000,0.007079069,4.5
Zambia,Sub-Saharan Africa,85,5.129,0.47038,0.91612,0.29924,0.48827,0.12468,0.19591,752612,15879361,0.04739561,7.699999809
Romania,Central and Eastern Europe,86,5.124,1.04345,0.88588,0.7689,0.35068,0.00649,0.13748,238391,19815481,0.012030543,6.800000191
Serbia,Central and Eastern Europe,87,5.123,0.92053,1.00964,0.74836,0.20107,0.02617,0.19231,88361,7095383,0.012453309,17.70000076
Portugal,Western Europe,88,5.102,1.15991,1.13935,0.87519,0.51469,0.01078,0.13719,92090,10358076,0.008890647,12.39999962
Latvia,Central and Eastern Europe,89,5.098,1.11312,1.09562,0.72437,0.29671,0.06332,0.18226,64559,1977527,0.03264633,9.899999619
Philippines,Southeastern Asia,90,5.073,0.70532,1.03516,0.58114,0.62545,0.12279,0.24991,342353,102113212,0.003352681,6.300000191
Somaliland region,Sub-Saharan Africa,91,5.057,0.18847,0.95152,0.43873,0.46582,0.39928,0.50318,176120,3508000,0.050205245,80
Morocco,Middle East and Northern Africa,92,5.013,0.73479,0.64095,0.60954,0.41691,0.08546,0.07172,446550,34663603,0.012882388,9.699999809
Macedonia,Central and Eastern Europe,93,5.007,0.91851,1.00232,0.73545,0.33457,0.05327,0.22359,25713,20179328,0.001274225,21.55
Mozambique,Sub-Saharan Africa,94,4.971,0.08308,1.02626,0.09131,0.34037,0.15603,0.22269,801590,27042002,0.029642406,25.29999924
Albania,Central and Eastern Europe,95,4.959,0.87867,0.80434,0.81325,0.35733,0.06413,0.14272,28748,2880703,0.009979508,17.10000038
Bosnia and Herzegovina,Central and Eastern Europe,96,4.949,0.83223,0.91916,0.79081,0.09245,0.00227,0.24808,51209,3429361,0.014932519,26.29999924
Lesotho,Sub-Saharan Africa,97,4.898,0.37545,1.04103,0.07612,0.31767,0.12504,0.16388,30355,2059021,0.014742443,26.79999924
Dominican Republic,Latin America and Caribbean,98,4.885,0.89537,1.17202,0.66825,0.57672,0.14234,0.21684,48671,10281680,0.004733759,14.5
Laos,Southeastern Asia,99,4.876,0.59066,0.73803,0.54909,0.59591,0.24249,0.42192,236800,6664000,0.035534214,0.6
Mongolia,Eastern Asia,100,4.874,0.82819,1.3006,0.60268,0.43626,0.02666,0.3323,1564110,2998439,0.521641427,7.400000095
Swaziland,Sub-Saharan Africa,101,4.867,0.71206,1.07284,0.07566,0.30658,0.0306,0.18259,17364,281055,0.061781502,26.20000076
Greece,Western Europe,102,4.857,1.15406,0.92933,0.88213,0.07699,0.01397,0,131990,10820883,0.012197711,24.89999962
Lebanon,Middle East and Northern Africa,103,4.839,1.02564,0.80001,0.83947,0.33916,0.04582,0.21854,10452,6532678,0.001599956,6.199999809
Hungary,Central and Eastern Europe,104,4.8,1.12094,1.20215,0.75905,0.32112,0.02758,0.128,93028,9843028,0.009451157,6.800000191
Honduras,Latin America and Caribbean,105,4.788,0.59532,0.95348,0.6951,0.40148,0.06825,0.23027,112492,9112916,0.012344238,7.400000095
Tajikistan,Central and Eastern Europe,106,4.786,0.39047,0.85563,0.57379,0.47216,0.15072,0.22974,143100,8454028,0.016926842,10.80000019
Tunisia,Middle East and Northern Africa,107,4.739,0.88113,0.60429,0.73793,0.26268,0.06358,0.06431,163610,11179949,0.014634235,15.19999981
Palestinian Territories,Middle East and Northern Africa,108,4.715,0.59867,0.92558,0.66015,0.24499,0.12905,0.11251,6220,4529166,0.001373321,27
Bangladesh,Southern Asia,109,4.694,0.39753,0.43106,0.60164,0.4082,0.12569,0.21222,147570,156256276,0.00094441,4.199999809
Iran,Middle East and Northern Africa,110,4.686,1.0088,0.54447,0.69805,0.30033,0.05863,0.38086,1648195,79360000,0.020768586,12
Ukraine,Central and Eastern Europe,111,4.681,0.79907,1.20278,0.6739,0.25123,0.02961,0.15275,603500,45154029,0.013365363,9.100000381
Iraq,Middle East and Northern Africa,112,4.677,0.98549,0.81889,0.60237,0,0.13788,0.17922,438317,35572261,0.012321876,15
South Africa,Sub-Saharan Africa,113,4.642,0.92049,1.18468,0.27688,0.33207,0.08884,0.11973,1221037,55386367,0.022045804,25.20000076
Ghana,Sub-Saharan Africa,114,4.633,0.54558,0.67954,0.40132,0.42342,0.04355,0.23087,238533,27849205,0.008565164,5.099999905
Zimbabwe,Sub-Saharan Africa,115,4.61,0.271,1.03276,0.33475,0.25861,0.08079,0.18987,390757,13814629,0.02828574,5.099999905
Liberia,Sub-Saharan Africa,116,4.571,0.0712,0.78968,0.34201,0.28531,0.06232,0.24362,111369,4472230,0.024902342,3.599999905
India,Southern Asia,117,4.565,0.64499,0.38174,0.51529,0.39786,0.08492,0.26475,3287590,1310152403,0.002509319,3.5
Sudan,Sub-Saharan Africa,118,4.55,0.52107,1.01404,0.36878,0.10081,0.1466,0.19062,1886068,38902950,0.048481362,13
Haiti,Latin America and Caribbean,119,4.518,0.26673,0.74302,0.38847,0.24425,0.17175,0.46187,27750,10695542,0.002594539,14.10000038
Congo (Kinshasa),Sub-Saharan Africa,120,4.517,0,1.0012,0.09806,0.22605,0.07625,0.24834,2345000,76200000,0.030774278,9.8
Nepal,Southern Asia,121,4.514,0.35997,0.86449,0.56874,0.38282,0.05907,0.32296,147181,27015031,0.005448115,3.200000048
Ethiopia,Sub-Saharan Africa,122,4.512,0.19073,0.60406,0.44055,0.4345,0.15048,0.24325,1104300,100835458,0.010951505,5
Sierra Leone,Sub-Saharan Africa,123,4.507,0.33024,0.95571,0,0.4084,0.08786,0.21488,71740,7171914,0.010002909,2.5
Mauritania,Sub-Saharan Africa,124,4.436,0.45407,0.86908,0.35874,0.24232,0.17461,0.219,1030700,4046301,0.254726477,9.899999619
Kenya,Sub-Saharan Africa,125,4.419,0.36471,0.99876,0.41435,0.42215,0.05839,0.37542,580367,47878336,0.012121704,11.89999962
Djibouti,Sub-Saharan Africa,126,4.369,0.44025,0.59207,0.36291,0.46074,0.28105,0.18093,23200,913993,0.025383127,6
Armenia,Central and Eastern Europe,127,4.35,0.76821,0.77711,0.7299,0.19847,0.039,0.07855,29743,2925553,0.010166625,18.29999924
Botswana,Sub-Saharan Africa,128,4.332,0.99355,1.10464,0.04776,0.49495,0.12474,0.10461,582000,2120716,0.274435615,16.79999924
Myanmar,Southeastern Asia,129,4.307,0.27108,0.70905,0.48246,0.44017,0.19034,0.79588,676578,52680726,0.012842989,0.800000012
Georgia,Central and Eastern Europe,130,4.297,0.7419,0.38562,0.72926,0.40577,0.38331,0.05547,69700,3725276,0.018710023,12
Malawi,Sub-Saharan Africa,131,4.292,0.01604,0.41134,0.22562,0.43054,0.06977,0.33128,118484,16745303,0.007075656,6.400000095
Sri Lanka,Southern Asia,132,4.271,0.83524,1.01905,0.70806,0.53726,0.09179,0.40828,65610,20970000,0.003128755,4.699999809
Cameroon,Sub-Saharan Africa,133,4.252,0.4225,0.88767,0.23402,0.49309,0.05786,0.20618,475442,23298368,0.020406665,4.099999905
Bulgaria,Central and Eastern Europe,134,4.218,1.01216,1.10614,0.76649,0.30587,0.00872,0.11921,110879,7177991,0.01544708,9.100000381
Egypt,Middle East and Northern Africa,135,4.194,0.8818,0.747,0.61712,0.17288,0.06324,0.11291,1002450,93780000,0.010689379,11.44
Yemen,Middle East and Northern Africa,136,4.077,0.54649,0.68093,0.40064,0.35571,0.07854,0.09131,527968,26920000,0.019612481,13.8
Angola,Sub-Saharan Africa,137,4.033,0.75778,0.8604,0.16683,0.10384,0.07122,0.12344,1246700,27884381,0.044709617,6.199999809
Mali,Sub-Saharan Africa,138,3.995,0.26074,1.03526,0.20583,0.38857,0.12352,0.18798,1240192,17438778,0.07111691,10.60000038
Congo (Brazzaville),Sub-Saharan Africa,139,3.989,0.67866,0.6629,0.31051,0.41466,0.11686,0.12388,342000,4996000,0.068454764,9.8
Comoros,Sub-Saharan Africa,140,3.956,0.23906,0.79273,0.36315,0.22917,0.199,0.17441,1862,777424,0.002395089,19.70000076
Uganda,Sub-Saharan Africa,141,3.931,0.21102,1.13299,0.33861,0.45727,0.07267,0.29066,241550,38225453,0.006319088,1.899999976
Senegal,Sub-Saharan Africa,142,3.904,0.36498,0.97619,0.4354,0.36772,0.10713,0.20843,196722,14578459,0.013494019,10.39999962
Gabon,Sub-Saharan Africa,143,3.896,1.06024,0.90528,0.43372,0.31914,0.11091,0.06822,267668,1947686,0.137428723,20
Niger,Sub-Saharan Africa,144,3.845,0.0694,0.77265,0.29707,0.47692,0.15639,0.19387,1267000,20001663,0.063344733,2.400000095
Cambodia,Southeastern Asia,145,3.819,0.46038,0.62736,0.61114,0.66246,0.07247,0.40359,181035,15521436,0.011663547,0.100000001
Tanzania,Sub-Saharan Africa,146,3.781,0.2852,1.00268,0.38215,0.32878,0.05747,0.34377,945087,51482633,0.018357394,2.099999905
Madagascar,Sub-Saharan Africa,147,3.681,0.20824,0.66801,0.46721,0.19184,0.08124,0.21333,587041,24234088,0.024223771,1.799999952
Central African Republic,Sub-Saharan Africa,148,3.678,0.0785,0,0.06699,0.48879,0.08289,0.23835,622984,4493170,0.138651331,6.199999809
Chad,Sub-Saharan Africa,149,3.667,0.34193,0.76062,0.1501,0.23501,0.05269,0.18386,1284000,14110975,0.090993004,5.699999809
Guinea,Sub-Saharan Africa,150,3.656,0.17417,0.46475,0.24009,0.37725,0.12139,0.28657,245857,11432088,0.02150587,6.300000191
Ivory Coast,Sub-Saharan Africa,151,3.655,0.46534,0.77115,0.15185,0.46866,0.17922,0.20165,322463,23110000,0.013953397,2.5
Burkina Faso,Sub-Saharan Africa,152,3.587,0.25812,0.85188,0.27125,0.39493,0.12832,0.21747,272967,18110624,0.015072203,3.299999952
Afghanistan,Southern Asia,153,3.575,0.31982,0.30285,0.30335,0.23414,0.09719,0.3651,652230,34413603,0.01895268,8.600000381
Rwanda,Sub-Saharan Africa,154,3.465,0.22208,0.7737,0.42864,0.59201,0.55191,0.22628,26338,11369071,0.002316636,3.400000095
Benin,Sub-Saharan Africa,155,3.34,0.28665,0.35386,0.3191,0.4845,0.0801,0.1826,112622,10575952,0.010648876,1
Syria,Middle East and Northern Africa,156,3.006,0.6632,0.47489,0.72193,0.15684,0.18906,0.47179,185180,18730000,0.009886813,23
Burundi,Sub-Saharan Africa,157,2.905,0.0153,0.41587,0.22396,0.1185,0.10062,0.19727,27834,10160030,0.002739559,1.5
Togo,Sub-Saharan Africa,158,2.839,0.20868,0.13995,0.28443,0.36453,0.10731,0.16681,56785,7323158,0.007754168,6.199999809
Denmark,Western Europe,1,7.526,1.44178,1.16374,0.79504,0.57941,0.44453,0.36171,43094,5728010,0.007523381,6.199999809
Switzerland,Western Europe,2,7.509,1.52733,1.14524,0.86303,0.58557,0.41203,0.28083,41284,8373338,0.004930411,4.599999905
Iceland,Western Europe,3,7.501,1.42666,1.18326,0.86733,0.56624,0.14975,0.47678,103000,335439,0.3070603,3
Norway,Western Europe,4,7.498,1.57744,1.1269,0.79579,0.59609,0.35776,0.37895,323802,5234519,0.061858979,4.699999809
Finland,Western Europe,5,7.413,1.40598,1.13464,0.81091,0.57104,0.41004,0.25492,338424,5495303,0.061584229,8.800000191
Canada,North America,6,7.404,1.44015,1.0961,0.8276,0.5737,0.31329,0.44834,9984670,36109487,0.27651099,7
Netherlands,Western Europe,7,7.339,1.46468,1.02912,0.81231,0.55211,0.29927,0.47416,41850,17030314,0.002457383,6
New Zealand,Australia and New Zealand,8,7.334,1.36066,1.17278,0.83096,0.58147,0.41904,0.49401,270467,4693200,0.057629549,5.099999905
Australia,Australia and New Zealand,9,7.313,1.44443,1.10476,0.8512,0.56837,0.32331,0.47407,7692024,24190907,0.317971707,5.699999809
Sweden,Western Europe,10,7.291,1.45181,1.08764,0.83121,0.58218,0.40867,0.38254,450295,9923085,0.045378529,7
Israel,Middle East and Northern Africa,11,7.267,1.33766,0.99537,0.84917,0.36432,0.08728,0.32288,20770,8546000,0.002430377,4.800000191
Austria,Western Europe,12,7.119,1.45038,1.08383,0.80565,0.54355,0.21348,0.32865,83871,8736668,0.009599884,6
United States,North America,13,7.104,1.50796,1.04782,0.779,0.48163,0.14868,0.41077,9372610,323071342,0.029010961,4.900000095
Costa Rica,Latin America and Caribbean,14,7.087,1.06879,1.02152,0.76146,0.55225,0.10547,0.22553,51100,4899345,0.010429966,9
Puerto Rico,Latin America and Caribbean,15,7.039,1.35943,1.08113,0.77758,0.46823,0.12275,0.22202,8870,3406495,0.002603849,11.80000019
Germany,Western Europe,16,6.994,1.44787,1.09774,0.81487,0.53466,0.28551,0.30452,357114,82348669,0.004336609,4.099999905
Brazil,Latin America and Caribbean,17,6.952,1.08754,1.03938,0.61415,0.40425,0.14166,0.15776,8515767,206163058,0.041305979,11.5
Belgium,Western Europe,18,6.929,1.42539,1.05249,0.81959,0.51354,0.26248,0.2424,30528,11331422,0.002694101,7.800000191
Ireland,Western Europe,19,6.907,1.48341,1.16157,0.81455,0.54008,0.29754,0.44963,70273,4755335,0.014777718,7.900000095
Luxembourg,Western Europe,20,6.871,1.69752,1.03999,0.84542,0.5487,0.35329,0.27571,2586,582014,0.004443192,6.300000191
Mexico,Latin America and Caribbean,21,6.778,1.11508,0.7146,0.71143,0.37709,0.18355,0.11735,1964375,123333376,0.015927359,3.900000095
Singapore,Southeastern Asia,22,6.739,1.64555,0.86758,0.94719,0.4877,0.46987,0.32706,710,5607283,0.000126621,1.799999952
United Kingdom,Western Europe,23,6.725,1.40283,1.08672,0.80991,0.50036,0.27399,0.50156,242900,65595565,0.003702994,4.800000191
Chile,Latin America and Caribbean,24,6.705,1.2167,0.90587,0.81883,0.37789,0.11451,0.31595,756102,18209068,0.041523377,6.699999809
Panama,Latin America and Caribbean,25,6.701,1.18306,0.98912,0.70835,0.48927,0.08423,0.2418,75417,4037078,0.018681086,4.400000095
Argentina,Latin America and Caribbean,26,6.65,1.15137,1.06612,0.69711,0.42284,0.07296,0.10989,2780400,43590368,0.063784733,8.800000191
Czech Republic,Central and Eastern Europe,27,6.596,1.30915,1.00793,0.76376,0.41418,0.03986,0.09929,78865,10566332,0.007463801,4
United Arab Emirates,Middle East and Northern Africa,28,6.573,1.57352,0.87114,0.72993,0.56215,0.35561,0.26591,83600,9360980,0.008930689,3.799999952
Uruguay,Latin America and Caribbean,29,6.545,1.18157,1.03143,0.72183,0.54388,0.21394,0.18056,181034,3424132,0.052870041,7.800000191
Malta,Western Europe,30,6.488,1.30782,1.09879,0.80315,0.54994,0.17554,0.56237,316,455356,0.000693963,4.699999809
Colombia,Latin America and Caribbean,31,6.481,1.03032,1.02169,0.59659,0.44735,0.05399,0.15626,1141748,48171392,0.023701785,8.600000381
France,Western Europe,32,6.478,1.39488,1.00508,0.83795,0.46562,0.17808,0.1216,551695,66859768,0.008251524,10.10000038
Thailand,Southeastern Asia,33,6.474,1.0893,1.04477,0.64915,0.49553,0.02833,0.58696,513120,68971331,0.007439613,0.899999976
Saudi Arabia,Middle East and Northern Africa,34,6.379,1.48953,0.84829,0.59267,0.37904,0.30008,0.15457,2149690,32442572,0.066261393,5.5
Taiwan,Eastern Asia,34,6.379,1.39729,0.92624,0.79565,0.32377,0.0663,0.25495,36193,23618200,0.00153242,3.9
Qatar,Middle East and Northern Africa,36,6.375,1.82427,0.87964,0.71723,0.56679,0.48049,0.32388,11586,2654374,0.004364871,0.200000003
Spain,Western Europe,37,6.361,1.34253,1.12945,0.87896,0.37545,0.06137,0.17665,505992,46483569,0.010885395,19.60000038
Algeria,Middle East and Northern Africa,38,6.355,1.05266,0.83309,0.61804,0.21006,0.16157,0.07044,2381741,40551404,0.058733873,11.5
Guatemala,Latin America and Caribbean,39,6.324,0.83454,0.87119,0.54039,0.50379,0.08701,0.28808,108889,16583060,0.006566279,2.700000048
Suriname,Latin America and Caribbean,40,6.269,1.09686,0.77866,0.50933,0.52234,0.12692,0.16665,163820,564888,0.29000439,8.5
Kuwait,Middle East and Northern Africa,41,6.239,1.61714,0.87758,0.63569,0.43166,0.23669,0.15965,17818,3956873,0.004503051,2.700000048
Bahrain,Middle East and Northern Africa,42,6.218,1.44024,0.94397,0.65696,0.47375,0.25772,0.17147,765,1425791,0.000536544,1.200000048
Trinidad and Tobago,Latin America and Caribbean,43,6.168,1.32572,0.98569,0.52608,0.48453,0.01241,0.31935,5130,1377564,0.003723965,3.900000095
Venezuela,Latin America and Caribbean,44,6.084,1.13367,1.03302,0.61904,0.19847,0.08304,0.0425,916445,31570000,0.029028983,7.1
Slovakia,Central and Eastern Europe,45,6.078,1.27973,1.08268,0.70367,0.23391,0.02947,0.13837,49037,5429418,0.009031723,9.5
El Salvador,Latin America and Caribbean,46,6.068,0.8737,0.80975,0.596,0.37269,0.10613,0.08877,21041,6356143,0.003310341,6.900000095
Malaysia,Southeastern Asia,47,6.005,1.25142,0.88025,0.62366,0.39031,0.09081,0.41474,330803,30684804,0.010780678,3.5
Nicaragua,Latin America and Caribbean,48,5.992,0.69384,0.89521,0.65213,0.46582,0.16292,0.29773,130373,6303974,0.020681081,6.099999905
Uzbekistan,Central and Eastern Europe,49,5.987,0.73591,1.1681,0.50163,0.60848,0.28333,0.34326,447400,31847900,0.014048022,8.800000191
Italy,Western Europe,50,5.977,1.35495,1.04167,0.85102,0.18827,0.02556,0.16684,301336,60627498,0.004970286,11.69999981
Ecuador,Latin America and Caribbean,51,5.976,0.97306,0.85974,0.68613,0.4027,0.18037,0.10074,276841,16491115,0.016787282,4.699999809
Belize,Latin America and Caribbean,52,5.956,0.87616,0.68655,0.45569,0.51231,0.10771,0.23684,22966,368400,0.062339848,10.89999962
Japan,Eastern Asia,53,5.921,1.38007,1.06054,0.91491,0.46761,0.18985,0.10224,377930,126994511,0.002975955,3.099999905
Kazakhstan,Central and Eastern Europe,54,5.919,1.22943,0.95544,0.57386,0.4052,0.11132,0.15011,2724900,17794055,0.153135415,5
Moldova,Central and Eastern Europe,55,5.897,0.69177,0.83132,0.52309,0.25202,0.01903,0.19997,33846,3551954,0.00952884,4.099999905
Russia,Central and Eastern Europe,56,5.856,1.23228,1.05261,0.58991,0.32682,0.03586,0.02736,17098242,144300000,0.118490936,5.56
Poland,Central and Eastern Europe,57,5.835,1.24585,1.04685,0.69058,0.4519,0.055,0.14443,312679,37970087,0.008234877,6.199999809
South Korea,Eastern Asia,57,5.835,1.35948,0.72194,0.88645,0.25168,0.07716,0.18824,100210,51250000,0.001955317,3.7
Bolivia,Latin America and Caribbean,59,5.822,0.79422,0.83779,0.4697,0.50961,0.07746,0.21698,1098581,11031813,0.099582997,3.299999952
Lithuania,Central and Eastern Europe,60,5.813,1.2692,1.06411,0.64674,0.18929,0.0182,0.02025,65300,2868231,0.022766646,7.900000095
Belarus,Central and Eastern Europe,61,5.802,1.13062,1.04993,0.63104,0.29091,0.17457,0.13942,207600,9501534,0.021849104,0.5
North Cyprus,Western Europe,62,5.771,1.31141,0.81826,0.84142,0.43596,0.16578,0.26322,3355,851000,0.003942421,13
Slovenia,Central and Eastern Europe,63,5.768,1.29947,1.05613,0.79151,0.53164,0.03635,0.25738,20273,2065042,0.009817234,8
Peru,Latin America and Caribbean,64,5.743,0.99602,0.81255,0.62994,0.37502,0.05292,0.14527,1285216,30926032,0.04155774,6.699999809
Turkmenistan,Central and Eastern Europe,65,5.658,1.08017,1.03817,0.44006,0.37408,0.28467,0.22567,488100,5662372,0.086200624,8.699999809
Mauritius,Sub-Saharan Africa,66,5.648,1.14372,0.75695,0.66189,0.46145,0.05203,0.36951,2040,1263473,0.001614597,7.300000191
Libya,Middle East and Northern Africa,67,5.615,1.06688,0.95076,0.52304,0.40672,0.10339,0.17087,1759540,6492164,0.271025193,18.20000076
Latvia,Central and Eastern Europe,68,5.56,1.21788,0.95025,0.63952,0.27996,0.0889,0.17445,64559,1959537,0.032946048,9.600000381
Cyprus,Western Europe,69,5.546,1.31857,0.70697,0.8488,0.29507,0.05228,0.27906,9251,1170187,0.007905574,13
Paraguay,Latin America and Caribbean,70,5.538,0.89373,1.11111,0.58295,0.46235,0.07396,0.25296,406752,6777872,0.060011756,5.400000095
Romania,Central and Eastern Europe,71,5.528,1.1697,0.72803,0.67602,0.36712,0.00679,0.12889,238391,19702332,0.012099634,5.900000095
Estonia,Central and Eastern Europe,72,5.517,1.27964,1.05163,0.68098,0.41511,0.18519,0.08423,45227,1315790,0.034372506,6.800000191
Jamaica,Latin America and Caribbean,73,5.51,0.89333,0.96372,0.59469,0.43597,0.04294,0.22245,10991,2906238,0.003781865,13.19999981
Croatia,Central and Eastern Europe,74,5.488,1.18649,0.60809,0.70524,0.23907,0.04002,0.18434,56594,4174349,0.013557563,13.10000038
Hong Kong,Eastern Asia,75,5.458,1.5107,0.87021,0.95277,0.48079,0.31647,0.40097,1104,7337000,0.00015047,3.4
Somalia,Sub-Saharan Africa,76,5.44,0,0.33613,0.11466,0.56778,0.3118,0.27225,637657,14185613,0.044950965,6.099999905
Kosovo,Central and Eastern Europe,77,5.401,0.90145,0.66062,0.54,0.14396,0.06547,0.27992,10890,1816200,0.005996036,35.3
Turkey,Middle East and Northern Africa,78,5.389,1.16492,0.87717,0.64718,0.23889,0.12348,0.04707,783562,79821724,0.0098164,10.80000019
Indonesia,Southeastern Asia,79,5.314,0.95104,0.87625,0.49374,0.39237,0.00322,0.56521,1904569,261554226,0.007281737,5.599999905
Jordan,Middle East and Northern Africa,80,5.303,0.99673,0.86216,0.60712,0.36023,0.13297,0.14262,89342,9551467,0.009353746,15.30000019
Azerbaijan,Central and Eastern Europe,81,5.291,1.12373,0.76042,0.54504,0.35327,0.17914,0.0564,86600,9757812,0.00887494,5
Philippines,Southeastern Asia,82,5.279,0.81217,0.87877,0.47036,0.54854,0.11757,0.21674,342353,103663927,0.003302528,5.5
China,Eastern Asia,83,5.245,1.0278,0.79381,0.73561,0.44012,0.02745,0.04959,9706961,1378665000,0.007040841,4.599999905
Bhutan,Southern Asia,84,5.196,0.8527,0.90836,0.49759,0.46074,0.1616,0.48546,38394,736709,0.052115557,2.400000095
Kyrgyzstan,Central and Eastern Europe,85,5.185,0.56044,0.95434,0.55449,0.40212,0.04762,0.38432,199951,6080000,0.032886678,7.554
Serbia,Central and Eastern Europe,86,5.177,1.03437,0.81329,0.6458,0.15718,0.04339,0.20737,88361,7058322,0.012518698,15.30000019
Bosnia and Herzegovina,Central and Eastern Europe,87,5.163,0.93383,0.64367,0.70766,0.09511,0,0.29889,51209,3386267,0.015122552,26
Montenegro,Central and Eastern Europe,88,5.161,1.07838,0.74173,0.63533,0.15111,0.12721,0.17191,13812,622303,0.022194976,17.70000076
Dominican Republic,Latin America and Caribbean,89,5.155,1.02787,0.99496,0.57669,0.52259,0.12372,0.21286,48671,10397743,0.00468092,14.10000038
Morocco,Middle East and Northern Africa,90,5.151,0.84058,0.38595,0.59471,0.25646,0.08404,0.04053,446550,35126296,0.012712698,10.80000019
Hungary,Central and Eastern Europe,91,5.145,1.24142,0.93164,0.67608,0.1977,0.04472,0.099,93028,9814023,0.009479089,5.099999905
Pakistan,Southern Asia,92,5.132,0.68816,0.26135,0.40306,0.14622,0.1388,0.31185,881912,203627284,0.004331011,5.900000095
Lebanon,Middle East and Northern Africa,93,5.129,1.12268,0.64184,0.76171,0.26228,0.03061,0.23693,10452,6711121,0.001557415,6.5
Portugal,Western Europe,94,5.123,1.27607,0.94367,0.79363,0.44727,0.01521,0.11691,92090,10325452,0.008918738,11.10000038
Macedonia,Central and Eastern Europe,95,5.121,1.0193,0.78236,0.64738,0.27668,0.07047,0.23507,25713,2073000,0.012403763,24
Vietnam,Southeastern Asia,96,5.061,0.74037,0.79117,0.66157,0.55954,0.11556,0.25075,331212,93638724,0.003537126,2.200000048
Somaliland Region,Sub-Saharan Africa,97,5.057,0.25558,0.75862,0.33108,0.3913,0.36794,0.51479,176120,14185636,0.012415376,14.26
Tunisia,Middle East and Northern Africa,98,5.045,0.97724,0.43165,0.59577,0.23553,0.0817,0.03936,163610,11303946,0.014473707,14.89999962
Greece,Western Europe,99,5.033,1.24886,0.75473,0.80029,0.05822,0.04127,0,131990,10775971,0.012248548,23.5
Tajikistan,Central and Eastern Europe,100,4.996,0.48835,0.75602,0.53119,0.43408,0.13509,0.25998,143100,8663579,0.016517423,10.80000019
Mongolia,Eastern Asia,101,4.907,0.98853,1.08983,0.55469,0.35972,0.03285,0.34539,1564110,3056359,0.511755982,6.800000191
Laos,Southeastern Asia,102,4.876,0.68042,0.5497,0.38291,0.52168,0.22423,0.43079,236800,6758000,0.035039953,0.7
Nigeria,Sub-Saharan Africa,103,4.875,0.75216,0.64498,0.05108,0.27854,0.0305,0.23219,923768,185960289,0.004967555,5
Honduras,Latin America and Caribbean,104,4.871,0.69429,0.75596,0.58383,0.26755,0.06906,0.2044,112492,9270795,0.012134019,6.300000191
Iran,Middle East and Northern Africa,105,4.813,1.11758,0.38857,0.64232,0.22544,0.0557,0.38538,1648195,80280000,0.02053058,12.43
Zambia,Sub-Saharan Africa,106,4.795,0.61202,0.6376,0.23573,0.42662,0.11479,0.17866,752612,16363507,0.045993319,7.599999905
Nepal,Southern Asia,107,4.793,0.44626,0.69699,0.50073,0.37012,0.07008,0.3816,147181,27261131,0.005398932,3.400000095
Palestinian Territories,Middle East and Northern Africa,108,4.754,0.67024,0.71629,0.56844,0.17744,0.10613,0.11154,6220,4817000,0.00129126,27
Albania,Central and Eastern Europe,109,4.655,0.9553,0.50163,0.73007,0.31866,0.05301,0.1684,28748,2876101,0.009995477,15.19999981
Bangladesh,Southern Asia,110,4.643,0.54177,0.24749,0.52989,0.39778,0.12583,0.19132,147570,157970840,0.00093416,4.099999905
Sierra Leone,Sub-Saharan Africa,111,4.635,0.36485,0.628,0,0.30685,0.08196,0.23897,71740,7328838,0.009788728,2.700000048
Iraq,Middle East and Northern Africa,112,4.575,1.07474,0.59205,0.51076,0.24856,0.13636,0.19589,438317,36610632,0.011972396,15.10000038
Namibia,Sub-Saharan Africa,113,4.574,0.93287,0.70362,0.34745,0.48614,0.10398,0.07795,825615,2358041,0.3501275,23.39999962
Cameroon,Sub-Saharan Africa,114,4.513,0.52497,0.62542,0.12698,0.42736,0.06126,0.2268,475442,23926539,0.019870906,4.300000191
Ethiopia,Sub-Saharan Africa,115,4.508,0.29283,0.37932,0.34578,0.36703,0.1717,0.29522,1104300,103603501,0.010658906,5.199999809
South Africa,Sub-Saharan Africa,116,4.459,1.02416,0.96053,0.18611,0.42483,0.08415,0.13656,1221037,56203654,0.021725224,26.70000076
Sri Lanka,Southern Asia,117,4.415,0.97318,0.84783,0.62007,0.50817,0.07964,0.46978,65610,21203000,0.003094373,4.400000095
India,Southern Asia,118,4.404,0.74036,0.29247,0.45091,0.40285,0.08722,0.25028,3287590,1324509589,0.002482119,3.5
Myanmar,Southeastern Asia,119,4.395,0.34112,0.69981,0.3988,0.42692,0.20243,0.81971,676578,53045226,0.012754739,0.800000012
Egypt,Middle East and Northern Africa,120,4.362,0.95395,0.49813,0.52116,0.18847,0.10393,0.12706,1002450,95690000,0.010476016,12.41
Armenia,Central and Eastern Europe,121,4.36,0.86086,0.62477,0.64083,0.14037,0.03616,0.07793,29743,2936146,0.010129946,17.60000038
Kenya,Sub-Saharan Africa,122,4.356,0.52267,0.7624,0.30147,0.40576,0.06686,0.41328,580367,49051686,0.011831744,11.30000019
Ukraine,Central and Eastern Europe,123,4.324,0.87287,1.01413,0.58628,0.12859,0.01829,0.20363,603500,45004645,0.013409727,9.199999809
Ghana,Sub-Saharan Africa,124,4.276,0.63107,0.49353,0.29681,0.40973,0.0326,0.21203,238533,28481946,0.008374884,5.5
Congo (Kinshasa),Sub-Saharan Africa,125,4.272,0.05661,0.80676,0.188,0.15602,0.06075,0.25458,2345000,78740000,0.02978156,9.7
Georgia,Central and Eastern Europe,126,4.252,0.83792,0.19249,0.64035,0.32461,0.3188,0.06786,69700,3727505,0.018698835,11.69999981
Congo (Brazzaville),Sub-Saharan Africa,127,4.236,0.77109,0.47799,0.28212,0.37938,0.09753,0.12077,342000,5126000,0.066718689,9.71
Senegal,Sub-Saharan Africa,128,4.219,0.44314,0.77416,0.40457,0.31056,0.11681,0.19103,196722,14993528,0.013120461,9.800000191
Bulgaria,Central and Eastern Europe,129,4.217,1.11306,0.92542,0.67806,0.21219,0.00615,0.12793,110879,7127822,0.015555804,7.599999905
Mauritania,Sub-Saharan Africa,130,4.201,0.61391,0.84142,0.28639,0.1268,0.17955,0.22686,1030700,4163534,0.247554121,10.10000038
Zimbabwe,Sub-Saharan Africa,131,4.193,0.35041,0.71478,0.1595,0.25429,0.08582,0.18503,390757,14030390,0.027850758,5.199999809
Malawi,Sub-Saharan Africa,132,4.156,0.08709,0.147,0.29364,0.4143,0.07564,0.30968,118484,17205289,0.006886487,6.599999905
Sudan,Sub-Saharan Africa,133,4.139,0.63069,0.81928,0.29759,0,0.10039,0.18077,1886068,39847440,0.047332225,13.10000038
Gabon,Sub-Saharan Africa,134,4.121,1.15851,0.72368,0.3494,0.28098,0.09314,0.06244,267668,2007873,0.133309228,19
Mali,Sub-Saharan Africa,135,4.073,0.31292,0.86333,0.16347,0.27544,0.13647,0.21064,1240192,17965429,0.069032139,10.60000038
Haiti,Latin America and Caribbean,136,4.028,0.34097,0.29561,0.27494,0.12072,0.14476,0.47958,27750,10839970,0.00255997,13.69999981
Botswana,Sub-Saharan Africa,137,3.974,1.09426,0.89186,0.34752,0.44089,0.10769,0.12425,582000,2159944,0.26945143,17.70000076
Comoros,Sub-Saharan Africa,138,3.956,0.27509,0.60323,0.29981,0.15412,0.18437,0.1827,1862,795592,0.002340396,19.89999962
Ivory Coast,Sub-Saharan Africa,139,3.916,0.55507,0.57576,0.04476,0.40663,0.1553,0.20338,322463,23700000,0.013606034,2.6
Cambodia,Southeastern Asia,140,3.907,0.55604,0.5375,0.42494,0.58852,0.08092,0.40339,181035,15766293,0.011482407,0.200000003
Angola,Sub-Saharan Africa,141,3.866,0.84731,0.66366,0.04991,0.00589,0.08434,0.12071,1246700,28842484,0.043224432,6.099999905
Niger,Sub-Saharan Africa,142,3.856,0.1327,0.6053,0.26162,0.38041,0.17176,0.2097,1267000,20788838,0.060946167,2.599999905
South Sudan,Sub-Saharan Africa,143,3.832,0.39394,0.18519,0.15781,0.19662,0.13015,0.25899,619745,10832512,0.057211568,12.58
Chad,Sub-Saharan Africa,144,3.763,0.42214,0.63178,0.03824,0.12807,0.04952,0.18667,1284000,14561666,0.088176724,5.699999809
Burkina Faso,Sub-Saharan Africa,145,3.739,0.31995,0.63054,0.21297,0.3337,0.12533,0.24353,272967,18646378,0.014639143,3.099999905
Uganda,Sub-Saharan Africa,145,3.739,0.34719,0.90981,0.19625,0.43653,0.06442,0.27102,241550,39647506,0.006092439,2.099999905
Yemen,Middle East and Northern Africa,147,3.724,0.57939,0.47493,0.31048,0.2287,0.05892,0.09821,527968,27580000,0.019143147,13.7
Madagascar,Sub-Saharan Africa,148,3.695,0.27954,0.46115,0.37109,0.13684,0.07506,0.2204,587041,24894380,0.023581266,2.200000048
Tanzania,Sub-Saharan Africa,149,3.666,0.47155,0.77623,0.357,0.3176,0.05099,0.31472,945087,53050790,0.017814758,2.400000095
Liberia,Sub-Saharan Africa,150,3.622,0.10706,0.50353,0.23165,0.25748,0.04852,0.24063,111369,4586788,0.02428039,3.799999952
Guinea,Sub-Saharan Africa,151,3.607,0.22415,0.3109,0.18829,0.30953,0.1192,0.29914,245857,11738441,0.020944604,6.300000191
Rwanda,Sub-Saharan Africa,152,3.515,0.32846,0.61586,0.31865,0.5432,0.50521,0.23552,26338,11668818,0.002257127,2.799999952
Benin,Sub-Saharan Africa,153,3.484,0.39499,0.10419,0.21028,0.39747,0.06681,0.2018,112622,10872067,0.01035884,1.100000024
Afghanistan,Southern Asia,154,3.36,0.38227,0.11037,0.17344,0.1643,0.07112,0.31268,652230,35383128,0.018433362,8.600000381
Togo,Sub-Saharan Africa,155,3.303,0.28123,0,0.24811,0.34678,0.11587,0.17517,56785,7509952,0.0075613,6.199999809
Syria,Middle East and Northern Africa,156,3.069,0.74719,0.14866,0.62994,0.06912,0.17233,0.48397,185180,18430000,0.010047748,14.6
Burundi,Sub-Saharan Africa,157,2.905,0.06831,0.23442,0.15747,0.0432,0.09419,0.2029,27834,10487998,0.002653891,1.5
Norway,Western Europe,1,7.537000179,1.616463184,1.53352356,0.796666503,0.635422587,0.362012237,0.315963835,323802,5276968,0.061361373,4.5
Denmark,Western Europe,2,7.521999836,1.482383013,1.551121593,0.792565525,0.626006722,0.355280489,0.400770068,43094,5764980,0.007475134,6.300000191
Iceland,Western Europe,3,7.504000187,1.48063302,1.610574007,0.833552122,0.627162635,0.475540221,0.153526559,103000,343400,0.299941759,2.700000048
Switzerland,Western Europe,4,7.493999958,1.564979553,1.516911745,0.858131289,0.620070577,0.290549278,0.367007285,41284,8451840,0.004884617,4.5
Finland,Western Europe,5,7.468999863,1.443571925,1.540246725,0.80915767,0.617950857,0.245482773,0.382611543,338424,5508214,0.061439879,8.600000381
Netherlands,Western Europe,6,7.376999855,1.503944635,1.428939223,0.810696125,0.585384488,0.47048983,0.282661825,41850,17131296,0.002442897,4.900000095
Canada,North America,7,7.315999985,1.479204416,1.481348991,0.834557652,0.611100912,0.435539722,0.287371516,9984670,36540268,0.273251143,6.599999905
New Zealand,Australia and New Zealand,8,7.31400013,1.405706048,1.548195124,0.816759706,0.61406213,0.500005126,0.382816702,270467,4793900,0.056418991,5.199999809
Sweden,Western Europe,9,7.28399992,1.494387269,1.478162169,0.830875158,0.612924099,0.385399252,0.384398729,450295,10057698,0.044771179,7.199999809
Australia,Australia and New Zealand,10,7.28399992,1.484414935,1.510041952,0.843886793,0.601607382,0.47769925,0.30118373,7692024,24601860,0.312660262,5.699999809
Israel,Middle East and Northern Africa,11,7.212999821,1.375382423,1.376289964,0.838404,0.405988604,0.330082655,0.0852421,20770,8713300,0.002383712,5.199999809
Costa Rica,Latin America and Caribbean,12,7.078999996,1.109706283,1.416403651,0.759509265,0.58013165,0.214613229,0.100106589,51100,4949954,0.010323328,8.5
Austria,Western Europe,13,7.006000042,1.487097263,1.459944963,0.815328419,0.56776619,0.316472322,0.221060365,83871,8797566,0.009533432,5.699999809
United States,North America,14,6.993000031,1.546259284,1.419920564,0.774286628,0.505740523,0.392578781,0.135638788,9372610,325147121,0.028825751,4.900000095
Ireland,Western Europe,15,6.977000237,1.535706639,1.558231115,0.809782624,0.573110342,0.427858323,0.298388153,70273,4807388,0.014617709,6.199999809
Germany,Western Europe,16,6.951000214,1.487923384,1.472520351,0.798950732,0.562511384,0.33626917,0.276731938,357114,82657002,0.004320433,3.799999952
Belgium,Western Europe,17,6.890999794,1.463780761,1.462312698,0.818091869,0.539770722,0.231503338,0.251343131,30528,11375158,0.002683743,7.400000095
Luxembourg,Western Europe,18,6.862999916,1.741943598,1.457583666,0.845089495,0.596627891,0.283180982,0.318834424,2586,596336,0.004336481,6
United Kingdom,Western Europe,19,6.714000225,1.44163394,1.49646008,0.805335939,0.508190036,0.492774159,0.265428066,242900,66058859,0.003677024,4.699999809
Chile,Latin America and Caribbean,20,6.65199995,1.25278461,1.284024954,0.819479704,0.376895279,0.326662421,0.082287982,756102,18470439,0.040935789,6.900000095
United Arab Emirates,Middle East and Northern Africa,21,6.647999763,1.626343369,1.266410232,0.726798236,0.60834527,0.360941947,0.324489564,83600,9487203,0.00881187,3.799999952
Brazil,Latin America and Caribbean,22,6.635000229,1.10735321,1.431306005,0.616552353,0.437453747,0.162349895,0.111092761,8515767,207833831,0.040973921,13.39999962
Czech Republic,Central and Eastern Europe,23,6.609000206,1.352682352,1.433885217,0.754444003,0.490946174,0.088106759,0.036872927,78865,10594438,0.007444,3.400000095
Argentina,Latin America and Caribbean,24,6.598999977,1.185295463,1.440451145,0.695137084,0.494519204,0.109457061,0.059739888,2780400,44044811,0.063126619,8.100000381
Mexico,Latin America and Caribbean,25,6.578000069,1.153183818,1.21086216,0.709978998,0.412730008,0.120990433,0.132774115,1964375,124777324,0.015743045,3.799999952
Singapore,Southeastern Asia,26,6.572000027,1.69227767,1.353814363,0.949492395,0.549840569,0.345965981,0.464307785,710,5612253,0.000126509,2.099999905
Malta,Western Europe,27,6.52699995,1.343279839,1.488411665,0.821944237,0.588767052,0.574730575,0.153066069,316,467999,0.000675215,4.800000191
Uruguay,Latin America and Caribbean,28,6.453999996,1.217559695,1.412227869,0.719216824,0.579392254,0.175096929,0.178061873,181034,3436646,0.052677523,8.300000191
Guatemala,Latin America and Caribbean,29,6.453999996,0.872001946,1.255585194,0.54023999,0.531310618,0.283488393,0.077223279,108889,16914936,0.006437447,2.599999905
Panama,Latin America and Caribbean,30,6.452000141,1.233748436,1.373192549,0.706156135,0.550026834,0.210556939,0.070983924,75417,4106771,0.018364063,4.699999809
France,Western Europe,31,6.441999912,1.430923462,1.387776852,0.844465852,0.470222116,0.129762307,0.172502428,551695,66865144,0.008250861,9.899999619
Thailand,Southeastern Asia,32,6.423999786,1.127868772,1.425792456,0.647239029,0.580200732,0.57212311,0.031612735,513120,69209858,0.007413973,1
Taiwan Province of China,Eastern Asia,33,6.421999931,1.433626533,1.384565353,0.793984234,0.361466587,0.258360475,0.063829236,36193,23589000,0.001534317,3.75
Spain,Western Europe,34,6.402999878,1.384397864,1.532090902,0.8889606,0.40878123,0.190133572,0.070914097,505992,46593236,0.010859774,17.39999962
Qatar,Middle East and Northern Africa,35,6.375,1.870765686,1.27429688,0.710098088,0.604130983,0.33047387,0.439299256,11586,2724724,0.004252174,0.300000012
Colombia,Latin America and Caribbean,36,6.356999874,1.070622325,1.402182937,0.595027924,0.477487415,0.149014473,0.046668742,1141748,48901066,0.023348121,9.100000381
Saudi Arabia,Middle East and Northern Africa,37,6.343999863,1.530623555,1.286677599,0.59014833,0.449750572,0.147616014,0.273432255,2149690,33099147,0.064946991,5.5
Trinidad and Tobago,Latin America and Caribbean,38,6.168000221,1.361355901,1.380228519,0.519983292,0.518630743,0.325296462,0.008964816,5130,1384072,0.003706455,4.400000095
Kuwait,Middle East and Northern Africa,39,6.105000019,1.632952452,1.259698749,0.632105708,0.496337593,0.228289798,0.21515955,17818,4056097,0.004392893,2.400000095
Slovakia,Central and Eastern Europe,40,6.09800005,1.325393558,1.505059242,0.712732911,0.295817465,0.136544481,0.024210852,49037,5447900,0.009001083,8
Bahrain,Middle East and Northern Africa,41,6.086999893,1.488412261,1.323110461,0.653133035,0.536746919,0.172668487,0.25704217,765,1494074,0.000512023,1.200000048
Malaysia,Southeastern Asia,42,6.084000111,1.29121542,1.284646034,0.618784428,0.402264982,0.41660893,0.065600708,330803,31105028,0.010635033,3.400000095
Nicaragua,Latin America and Caribbean,43,6.071000099,0.737299204,1.28721571,0.653095961,0.447551847,0.301674217,0.130687982,130373,6384855,0.020419101,6.199999809
Ecuador,Latin America and Caribbean,44,6.007999897,1.000820398,1.286168814,0.685636222,0.455198199,0.150112465,0.140134647,276841,16785361,0.016493002,5.199999809
El Salvador,Latin America and Caribbean,45,6.002999783,0.909784496,1.182125092,0.596018553,0.43245253,0.078257985,0.08998096,21041,6388122,0.003293769,6.900000095
Poland,Central and Eastern Europe,46,5.97300005,1.291787863,1.44571197,0.699475348,0.520342112,0.158465967,0.059307806,312679,37974826,0.008233849,5.099999905
Uzbekistan,Central and Eastern Europe,47,5.971000195,0.786441088,1.54896915,0.498272628,0.658248663,0.415983647,0.246528223,447400,32388600,0.013813502,8.699999809
Italy,Western Europe,48,5.964000225,1.395066619,1.444923282,0.853144348,0.256450713,0.172789648,0.028028091,301336,60536709,0.00497774,11.60000038
Russia,Central and Eastern Europe,49,5.962999821,1.281778097,1.469282389,0.547349334,0.373783112,0.052263822,0.032962881,17098242,144500000,0.118326934,5.21
Belize,North America,50,5.955999851,0.907975316,1.081417799,0.450191766,0.547509372,0.240015641,0.096581072,22966,375769,0.061117335,11.39999962
Japan,Eastern Asia,51,5.920000076,1.416915178,1.436337829,0.913475871,0.505625546,0.120572768,0.163760737,377930,126785797,0.002980854,2.900000095
Lithuania,Central and Eastern Europe,52,5.90199995,1.314582348,1.473516107,0.62894994,0.234231785,0.010164657,0.011865643,65300,2828403,0.023087233,8.100000381
Algeria,Middle East and Northern Africa,53,5.872000217,1.091864467,1.146217465,0.617584646,0.233335808,0.069436647,0.14609611,2381741,41389198,0.05754499,11.69999981
Latvia,Central and Eastern Europe,54,5.849999905,1.260748625,1.404714942,0.638566971,0.325707912,0.153074786,0.073842727,64559,1942248,0.033239319,9.399999619
South Korea,Eastern Asia,55,5.837999821,1.401678443,1.128274441,0.900214076,0.257921666,0.206674367,0.063282669,100210,51470000,0.001946959,3.6
Moldova,Central and Eastern Europe,56,5.837999821,0.72887063,1.251825571,0.589465201,0.240729049,0.208779126,0.010091286,33846,3549196,0.009536244,4.400000095
Romania,Central and Eastern Europe,57,5.824999809,1.217683911,1.15009129,0.685158312,0.457003742,0.133519918,0.004387901,238391,19587491,0.012170574,5.900000095
Bolivia,Latin America and Caribbean,58,5.822999954,0.833756566,1.227619052,0.47363025,0.558732927,0.225560725,0.060477726,1098581,11192854,0.098150213,3.5
Turkmenistan,Central and Eastern Europe,59,5.822000027,1.130776763,1.493149161,0.43772608,0.418271929,0.249924988,0.25927034,488100,5757669,0.08477389,8.600000381
Kazakhstan,Central and Eastern Europe,60,5.818999767,1.28455627,1.384369016,0.606041551,0.437454283,0.201964423,0.119282886,2724900,18037776,0.151066296,5.400000095
North Cyprus,Western Europe,61,5.809999943,1.346911311,1.186303377,0.834647238,0.471203625,0.266845703,0.155353352,3355,326000,0.010291411,0
Slovenia,Central and Eastern Europe,62,5.757999897,1.341205955,1.452518821,0.790828228,0.572575808,0.242649093,0.045128979,20273,2066388,0.009810839,7.5
Peru,Latin America and Caribbean,63,5.715000153,1.035225272,1.218770385,0.630166113,0.450002879,0.126819715,0.047049087,1285216,31444297,0.040872785,6.800000191
Mauritius,Sub-Saharan Africa,64,5.629000187,1.189395547,1.20956099,0.638007462,0.491247326,0.360933751,0.042181555,2040,1264613,0.001613142,7.400000095
Cyprus,Western Europe,65,5.620999813,1.355938077,1.131363273,0.844714701,0.355111539,0.271254301,0.041237976,9251,1179680,0.007841957,11.89999962
Estonia,Central and Eastern Europe,66,5.611000061,1.32087934,1.4766711,0.695168316,0.47913143,0.098890811,0.183248922,45227,1317384,0.034330916,7.300000191
Belarus,Central and Eastern Europe,67,5.568999767,1.15655756,1.444945216,0.637714267,0.295400262,0.155137509,0.156313822,207600,9498264,0.021856626,0.5
Libya,Middle East and Northern Africa,68,5.525000095,1.101803064,1.35756433,0.52016902,0.46573323,0.152073666,0.09261021,1759540,6580724,0.267377875,17.70000076
Turkey,Middle East and Northern Africa,69,5.5,1.198274374,1.337753177,0.637605608,0.3007406,0.046693042,0.09967158,783562,81101892,0.009661452,11.39999962
Paraguay,Latin America and Caribbean,70,5.493000031,0.932537317,1.50728488,0.579250693,0.473507792,0.224150658,0.091065913,406752,6867062,0.059232318,5.5
"Hong Kong S.A.R., China",Eastern Asia,71,5.472000122,1.551674843,1.262790918,0.943062425,0.490968645,0.374465793,0.293933749,1104,7392000,0.000149351,2.9
Philippines,Southeastern Asia,72,5.429999828,0.857699215,1.253917575,0.468009055,0.585214674,0.193513423,0.099331893,342353,105173264,0.003255133,5.699999809
Serbia,Central and Eastern Europe,73,5.394999981,1.069317579,1.258189797,0.650784671,0.208715528,0.220125884,0.040903781,88361,7020858,0.012585499,14.39999962
Jordan,Middle East and Northern Africa,74,5.335999966,0.991012394,1.239088893,0.604590058,0.418421149,0.17217046,0.119803272,89342,9779173,0.009135946,14.89999962
Hungary,Central and Eastern Europe,75,5.323999882,1.286011934,1.343133092,0.687763453,0.175863519,0.078401662,0.036636937,93028,9787966,0.009504324,4.199999809
Jamaica,Latin America and Caribbean,76,5.31099987,0.925579309,1.368218064,0.641022384,0.474307239,0.233818337,0.055267781,10991,2920853,0.003762942,13
Croatia,Central and Eastern Europe,77,5.293000221,1.222556233,0.967983007,0.701288521,0.255772293,0.248002976,0.04310311,56594,4124531,0.013721318,11.5
Kosovo,Central and Eastern Europe,78,5.278999805,0.951484382,1.137853503,0.54145205,0.260287941,0.319931448,0.057471618,10890,1830700,0.005948544,30.5
China,Eastern Asia,79,5.272999763,1.081165791,1.160837412,0.741415501,0.472787708,0.028806841,0.022794275,9706961,1386395000,0.007001584,4.599999905
Pakistan,Southern Asia,80,5.269000053,0.726883531,0.67269069,0.402047783,0.235215262,0.315446019,0.124348067,881912,207896686,0.004242069,5.900000095
Indonesia,Southeastern Asia,81,5.262000084,0.995538592,1.274444699,0.492345721,0.443323463,0.611704588,0.015317135,1904569,264645886,0.00719667,5.599999905
Venezuela,Latin America and Caribbean,82,5.25,1.128431201,1.431337595,0.617144227,0.153997123,0.06501963,0.064491123,916445,31980000,0.028656817,7.42
Montenegro,Central and Eastern Europe,83,5.236999989,1.121129036,1.238376498,0.667464674,0.194989055,0.197911024,0.088174194,13812,622373,0.022192479,17.70000076
Morocco,Middle East and Northern Africa,84,5.235000134,0.878114581,0.774864435,0.597710669,0.408158332,0.032209955,0.087763183,446550,35581294,0.012550134,10.80000019
Azerbaijan,Central and Eastern Europe,85,5.234000206,1.153601766,1.152400255,0.540775776,0.398155838,0.04526934,0.180987507,86600,9854033,0.00878828,5.099999905
Dominican Republic,Latin America and Caribbean,86,5.230000019,1.079373837,1.402416706,0.574873745,0.552589834,0.18696785,0.113945253,48671,10513131,0.004629544,13.80000019
Greece,Western Europe,87,5.227000237,1.289487481,1.239414573,0.810198903,0.095731251,0,0.043289777,131990,10754679,0.012272798,23.10000038
Lebanon,Middle East and Northern Africa,88,5.224999905,1.074987531,1.129624248,0.735081077,0.288515985,0.264450759,0.03751383,10452,6811873,0.00153438,6.699999809
Portugal,Western Europe,89,5.195000172,1.315175295,1.367043018,0.795843542,0.4984653,0.095102713,0.015869452,92090,10300300,0.008940516,9.899999619
Bosnia and Herzegovina,Central and Eastern Europe,90,5.18200016,0.982409418,1.069335938,0.705186307,0.204403177,0.328867495,0,51209,3351527,0.015279304,25.79999924
Honduras,Latin America and Caribbean,91,5.181000233,0.730573118,1.143944979,0.58256948,0.34807986,0.236188874,0.073345453,112492,9429013,0.011930411,5.699999809
Macedonia,Central and Eastern Europe,92,5.175000191,1.064577937,1.207893014,0.644948184,0.325905979,0.253760964,0.060277794,25713,2100000,0.012244286,13.91
Somalia,Middle East and Northern Africa,93,5.151000023,0.022643184,0.721151352,0.113989137,0.602126956,0.291631311,0.282410324,637657,14589119,0.043707711,6
Vietnam,Southeastern Asia,94,5.073999882,0.788547575,1.277491331,0.652168989,0.571055591,0.234968051,0.087633237,331212,94596642,0.003501308,2.200000048
Nigeria,Sub-Saharan Africa,95,5.073999882,0.783756256,1.215770483,0.05691573,0.394952565,0.230947196,0.026121566,923768,190873311,0.004839692,5.5
Tajikistan,Central and Eastern Europe,96,5.040999889,0.524713635,1.271463275,0.529235125,0.471566707,0.248997644,0.146377146,143100,8880268,0.016114379,10.80000019
Bhutan,Southern Asia,97,5.011000156,0.885416389,1.340126514,0.495879292,0.501537681,0.474054545,0.17338039,38394,745568,0.051496309,2.400000095
Kyrgyzstan,Central and Eastern Europe,98,5.004000187,0.596220076,1.394238591,0.553457797,0.454943389,0.428580374,0.039439179,199951,6304030,0.031717965,2.4
Nepal,Southern Asia,99,4.961999893,0.479820192,1.179283261,0.504130781,0.440305948,0.394096166,0.072975546,147181,27627124,0.005327409,3.200000048
Mongolia,Eastern Asia,100,4.954999924,1.027235866,1.493011236,0.557783484,0.394143969,0.33846423,0.032902289,1564110,3113779,0.502318886,6.400000095
South Africa,Sub-Saharan Africa,101,4.828999996,1.054698706,1.384788632,0.18708007,0.479246736,0.13936238,0.072509497,1221037,57000451,0.021421532,27.29999924
Tunisia,Middle East and Northern Africa,102,4.804999828,1.007265806,0.86835146,0.613212049,0.28968069,0.049693357,0.086723149,163610,11433443,0.014309775,14.69999981
Palestinian Territories,Middle East and Northern Africa,103,4.775000095,0.716249228,1.155647159,0.565666974,0.254711062,0.114173174,0.089282602,6220,4862979,0.001279051,27
Egypt,Middle East and Northern Africa,104,4.735000134,0.989701807,0.997471392,0.520187259,0.282110155,0.128631443,0.114381365,1002450,98423598,0.010185057,12
Bulgaria,Central and Eastern Europe,105,4.714000225,1.161459088,1.434379458,0.70821768,0.289231718,0.113177694,0.011051531,110879,7075947,0.015669846,6
Sierra Leone,Sub-Saharan Africa,106,4.709000111,0.368420929,0.984136045,0.005564754,0.318697691,0.293040901,0.071095176,71740,7488431,0.009580111,2.799999952
Cameroon,Sub-Saharan Africa,107,4.695000172,0.564305365,0.946018219,0.132892117,0.430388749,0.236298457,0.051306631,475442,24566045,0.019353624,4.5
Iran,Middle East and Northern Africa,108,4.691999912,1.156873107,0.711551249,0.639333189,0.249322608,0.387242913,0.048761073,1648195,81800188,0.020149037,12.1
Albania,Central and Eastern Europe,109,4.644000053,0.996192753,0.803685248,0.731159747,0.381498635,0.201312944,0.039864216,28748,2873457,0.010004674,15
Bangladesh,Southern Asia,110,4.607999802,0.586682975,0.735131741,0.533241034,0.478356659,0.172255352,0.123717859,147570,159670593,0.000924215,4
Namibia,Sub-Saharan Africa,111,4.573999882,0.964434326,1.098470807,0.338611811,0.520303547,0.077133745,0.093146972,825615,2402603,0.343633551,22.29999924
Kenya,Sub-Saharan Africa,112,4.552999973,0.560479462,1.067950726,0.30998835,0.452763766,0.444860309,0.064641319,580367,50221473,0.011556152,11
Mozambique,Sub-Saharan Africa,113,4.550000191,0.23430565,0.870701015,0.106654435,0.480791092,0.322228104,0.179436386,801590,28649007,0.027979678,24.5
Myanmar,Southeastern Asia,114,4.545000076,0.36711055,1.123235941,0.397522569,0.514492035,0.838075161,0.188816205,676578,53382581,0.012674134,0.800000012
Senegal,Sub-Saharan Africa,115,4.534999847,0.479309022,1.179691911,0.409362853,0.377922267,0.183468893,0.115460448,196722,15419381,0.0127581,9.5
Zambia,Sub-Saharan Africa,116,4.513999939,0.636406779,1.003187299,0.257835895,0.461603492,0.249580145,0.07821355,752612,16853688,0.044655627,7.400000095
Iraq,Middle East and Northern Africa,117,4.497000217,1.102710485,0.978613198,0.50118047,0.288555533,0.199637264,0.107215755,438317,37552781,0.011672025,14.80000019
Gabon,Sub-Saharan Africa,118,4.465000153,1.198210239,1.155620217,0.356578588,0.312328577,0.043785378,0.076046787,267668,2064823,0.129632419,18.5
Ethiopia,Sub-Saharan Africa,119,4.460000038,0.339233845,0.864669204,0.353409708,0.408842742,0.31265074,0.165455714,1104300,106400024,0.010378757,5.400000095
Sri Lanka,Southern Asia,120,4.440000057,1.009850144,1.259976387,0.625130832,0.561213255,0.490863562,0.073653966,65610,21444000,0.003059597,4.599999905
Armenia,Central and Eastern Europe,121,4.375999928,0.900596738,1.007483721,0.637524426,0.198303267,0.083488092,0.026674422,29743,2944809,0.010100146,17.39999962
India,Southern Asia,122,4.315000057,0.792221248,0.754372597,0.455427617,0.469987005,0.231538489,0.092226885,3287590,1338658835,0.002455883,3.599999905
Mauritania,Sub-Saharan Africa,123,4.291999817,0.648457289,1.27203083,0.28534928,0.096098043,0.201870024,0.136957005,1030700,4282574,0.240673016,10.19999981
Congo (Brazzaville),Sub-Saharan Africa,124,4.290999889,0.808964252,0.832044363,0.289957434,0.435025871,0.120852128,0.079618134,2345000,5279517,0.444169419,10.2
Georgia,Central and Eastern Europe,125,4.285999775,0.950612664,0.570614934,0.649546981,0.309410036,0.054008815,0.251666635,69700,3728004,0.018696332,11.5
Congo (Kinshasa),Sub-Saharan Africa,126,4.28000021,0.092102349,1.229023457,0.191407025,0.235961348,0.246455833,0.060241356,342000,8406891,0.040680913,40
Mali,Sub-Saharan Africa,127,4.190000057,0.476180494,1.281473398,0.169365674,0.306613743,0.183354199,0.104970247,1240192,18512394,0.066992524,9.699999809
Ivory Coast,Sub-Saharan Africa,128,4.179999828,0.603048921,0.90478003,0.04864217,0.447706193,0.20123747,0.130061775,322463,25069230,0.0128629,2.5
Cambodia,Southeastern Asia,129,4.168000221,0.601765096,1.006238341,0.429783404,0.633375823,0.385922968,0.068105951,181035,16009414,0.011308034,0.300000012
Sudan,Sub-Saharan Africa,130,4.138999939,0.659516692,1.21400857,0.290920824,0.014995855,0.182317451,0.08984752,1886068,40813396,0.046211984,13.30000019
Ghana,Sub-Saharan Africa,131,4.119999886,0.667224824,0.873664737,0.295637727,0.423026294,0.256923944,0.02533637,238533,29121471,0.008190967,5.800000191
Ukraine,Central and Eastern Europe,132,4.096000195,0.894651949,1.394537568,0.575903952,0.122974776,0.270061463,0.023029471,603500,44831135,0.013461627,9
Uganda,Sub-Saharan Africa,133,4.080999851,0.381430715,1.129827738,0.217632607,0.443185955,0.325766057,0.057069719,241550,41162465,0.00586821,2.299999952
Burkina Faso,Sub-Saharan Africa,134,4.032000065,0.350227714,1.043280005,0.215844259,0.324367851,0.250864685,0.120328106,272967,19193284,0.014222006,3
Niger,Sub-Saharan Africa,135,4.027999878,0.161925331,0.993025005,0.268505007,0.363658696,0.228673846,0.138572946,1267000,21602472,0.058650695,2.599999905
Malawi,Sub-Saharan Africa,136,3.970000029,0.233442038,0.512568831,0.315089583,0.466914654,0.28717047,0.072711654,118484,17670260,0.006705278,6.699999809
Chad,Sub-Saharan Africa,137,3.936000109,0.438012987,0.953855872,0.041134715,0.162342027,0.21611385,0.053581882,1284000,15016773,0.085504389,5.800000191
Zimbabwe,Sub-Saharan Africa,138,3.875,0.375846535,1.083095908,0.196763754,0.336384207,0.189143494,0.095375381,390757,14236745,0.027447074,5.300000191
Lesotho,Sub-Saharan Africa,139,3.808000088,0.521021247,1.190095186,0,0.390661299,0.157497272,0.11909464,30355,2091412,0.014514118,29.20000076
Angola,Sub-Saharan Africa,140,3.795000076,0.85842818,1.10441196,0.049868666,0,0.09792649,0.069720335,1246700,29816748,0.041812072,6.199999809
Afghanistan,Southern Asia,141,3.79399991,0.401477218,0.581543326,0.180746779,0.10617952,0.311870933,0.06115783,652230,36296400,0.017969551,8.5
Botswana,Sub-Saharan Africa,142,3.766000032,1.122094154,1.221554995,0.341755509,0.505196333,0.099348448,0.098583199,582000,2205128,0.263930257,18.10000038
Benin,Sub-Saharan Africa,143,3.657000065,0.431085408,0.435299844,0.209930211,0.425962776,0.207948461,0.060929015,112622,11175204,0.010077847,1
Madagascar,Sub-Saharan Africa,144,3.644000053,0.305808693,0.913020372,0.375223309,0.189196765,0.20873253,0.067231975,587041,25570540,0.022957708,2.400000095
Haiti,Latin America and Caribbean,145,3.602999926,0.368610263,0.640449822,0.27732113,0.030369857,0.489203781,0.09987215,27750,10982366,0.002526778,13.39999962
Yemen,Middle East and Northern Africa,146,3.592999935,0.591683447,0.935382247,0.310080916,0.249463722,0.104125209,0.056767423,527968,28250000,0.018689133,14
South Sudan,Middle East and Northern Africa,147,3.59100008,0.397248626,0.601323128,0.163486004,0.147062436,0.285670817,0.116793513,619745,10910759,0.056801273,12.64
Liberia,Sub-Saharan Africa,148,3.532999992,0.119041793,0.872117937,0.229918197,0.332881182,0.266549885,0.038948249,111369,4702228,0.023684305,4
Guinea,Sub-Saharan Africa,149,3.506999969,0.24454993,0.791244686,0.194129139,0.348587513,0.264815092,0.110937618,245857,12067539,0.020373417,6.300000191
Togo,Sub-Saharan Africa,150,3.494999886,0.305444717,0.43188253,0.247105569,0.380426139,0.196896151,0.095665015,56785,7698475,0.007376136,6.199999809
Rwanda,Sub-Saharan Africa,151,3.470999956,0.368745893,0.945707023,0.326424807,0.581843853,0.252756029,0.455220014,26338,11980937,0.002198326,2.599999905
Syria,Middle East and Northern Africa,152,3.461999893,0.777153134,0.396102607,0.500533342,0.081539445,0.493663728,0.151347131,185180,18270000,0.010135742,15.2
Tanzania,Sub-Saharan Africa,153,3.348999977,0.511135876,1.041989803,0.364509284,0.390017778,0.354256362,0.066035107,945087,54663906,0.01728905,2.700000048
Burundi,Sub-Saharan Africa,154,2.904999971,0.091622569,0.629793584,0.151610792,0.059900753,0.204435185,0.084147945,27834,10827024,0.00257079,1.600000024
Central African Republic,Sub-Saharan Africa,155,2.693000078,0,0,0.018772686,0.270842046,0.280876487,0.056565076,622984,4596028,0.135548347,6.400000095
Finland,Western Europe,1,7.632,1.305,1.592,0.874,0.681,0.393,0.202,338424,5518050,0.061330361,7.755000114
Norway,Western Europe,2,7.594,1.456,1.582,0.861,0.686,0.34,0.286,323802,5314336,0.060929907,3.91899991
Denmark,Western Europe,3,7.555,1.351,1.59,0.868,0.683,0.408,0.284,43094,5797446,0.007433273,4.974999905
Iceland,Western Europe,4,7.495,1.343,1.644,0.914,0.677,0.138,0.353,103000,353574,0.291311013,2.917999983
Switzerland,Western Europe,5,7.487,1.42,1.549,0.927,0.66,0.357,0.256,41284,8516543,0.004847507,4.882999897
Netherlands,Western Europe,6,7.441,1.361,1.488,0.878,0.638,0.295,0.333,41850,17231017,0.00242876,3.880000114
Canada,North America,7,7.328,1.33,1.532,0.896,0.653,0.291,0.321,9984670,37058856,0.269427367,5.920000076
New Zealand,Australia and New Zealand,8,7.324,1.268,1.601,0.876,0.669,0.389,0.365,270467,4885500,0.055361171,4.521999836
Sweden,Western Europe,9,7.314,1.355,1.501,0.913,0.659,0.383,0.285,450295,10183175,0.044219509,6.443999767
Australia,Australia and New Zealand,10,7.272,1.34,1.573,0.91,0.647,0.302,0.361,7692024,24992369,0.307774905,5.387000084
United Kingdom,Western Europe,11,7.19,1.244,1.433,0.888,0.464,0.082,0.262,242900,66488991,0.003653236,3.953999996
Austria,Western Europe,12,7.139,1.341,1.504,0.891,0.617,0.224,0.242,83871,8847037,0.009480123,4.785999775
Costa Rica,Latin America and Caribbean,13,7.072,1.01,1.459,0.817,0.632,0.101,0.143,51100,4999441,0.010221143,8.128000259
Ireland,Western Europe,14,6.977,1.448,1.583,0.876,0.614,0.306,0.307,70273,4853506,0.014478812,5.690999985
Germany,Western Europe,15,6.965,1.34,1.474,0.861,0.586,0.28,0.273,357114,82927922,0.004306318,3.424999952
Belgium,Western Europe,16,6.927,1.324,1.483,0.894,0.583,0.24,0.188,30528,11422068,0.002672721,6.322999954
Luxembourg,Western Europe,17,6.91,1.576,1.52,0.896,0.632,0.321,0.196,2586,607728,0.004255193,5.46999979
United States,North America,18,6.886,1.398,1.471,0.819,0.547,0.133,0.291,9372610,327167434,0.028647747,3.933000088
Israel,Middle East and Northern Africa,19,6.814,1.301,1.559,0.883,0.533,0.272,0.354,20770,8883800,0.002337963,3.950000048
United Arab Emirates,Middle East and Northern Africa,20,6.774,2.096,0.776,0.67,0.284,0.38583,0.186,83600,9630959,0.00868034,2.575000048
Czech Republic,Central and Eastern Europe,21,6.711,1.233,1.489,0.854,0.543,0.034,0.064,78865,10625695,0.007422103,2.397000074
Malta,Western Europe,22,6.627,1.27,1.525,0.884,0.645,0.142,0.376,316,483530,0.000653527,4.583000183
France,Western Europe,23,6.489,1.293,1.466,0.908,0.52,0.176,0.098,551695,66987244,0.008235822,9.180000305
Mexico,Latin America and Caribbean,24,6.488,1.038,1.252,0.761,0.479,0.095,0.069,1964375,126190788,0.015566707,3.322000027
Chile,Latin America and Caribbean,25,6.476,1.131,1.331,0.808,0.431,0.061,0.197,756102,18729160,0.04037031,7.22300005
Taiwan,Eastern Asia,26,6.441,1.365,1.436,0.857,0.418,0.078,0.151,36193,23780000,0.001521993,3.68
Panama,Latin America and Caribbean,27,6.43,1.112,1.438,0.759,0.597,0.063,0.125,75417,4176873,0.018055852,3.921999931
Brazil,Latin America and Caribbean,28,6.419,0.986,1.474,0.675,0.493,0.088,0.11,8515767,209469333,0.040654004,12.54399967
Argentina,Latin America and Caribbean,29,6.388,1.073,1.468,0.744,0.57,0.054,0.062,2780400,44494502,0.062488619,9.482999802
Guatemala,Latin America and Caribbean,30,6.382,0.781,1.268,0.608,0.604,0.071,0.179,108889,17247807,0.006313208,2.726999998
Uruguay,Latin America and Caribbean,31,6.379,1.093,1.459,0.771,0.625,0.155,0.13,181034,3449299,0.052484287,7.960999966
Qatar,Middle East and Northern Africa,32,6.374,1.649,1.303,0.748,0.654,0.171,0.256,11586,2781677,0.004165113,0.142000005
Saudi Arabia,Middle East and Northern Africa,33,6.371,1.379,1.331,0.633,0.509,0.127,0.098,2149690,33699947,0.063789121,5.919000149
Singapore,Southeastern Asia,34,6.343,1.529,1.451,1.008,0.631,0.457,0.261,710,5638676,0.000125916,3.767999887
Malaysia,Southeastern Asia,35,6.322,1.161,1.258,0.669,0.356,0.059,0.311,330803,31528585,0.010492161,3.359999895
Spain,Western Europe,36,6.31,1.251,1.538,0.965,0.449,0.074,0.142,505992,46723749,0.010829439,15.48700047
Colombia,Latin America and Caribbean,37,6.26,0.96,1.439,0.635,0.531,0.039,0.099,1141748,49648685,0.022996541,9.093000412
Trinidad & Tobago,Western Europe,38,6.192,1.223,1.492,0.564,0.575,0.019,0.171,5131,1389843,0.003691784,2.83
Slovakia,Central and Eastern Europe,39,6.173,1.21,1.537,0.776,0.354,0.014,0.118,49037,5450000,0.008997615,6.5
El Salvador,Latin America and Caribbean,40,6.167,0.806,1.231,0.639,0.461,0.082,0.065,21041,6420744,0.003277035,4.389999866
Nicaragua,Latin America and Caribbean,41,6.141,0.668,1.319,0.7,0.527,0.128,0.208,130373,6465513,0.020164371,4.479000092
Poland,Central and Eastern Europe,42,6.123,1.176,1.448,0.781,0.546,0.064,0.108,312679,37978548,0.008233043,3.673000097
Bahrain,Middle East and Northern Africa,43,6.105,1.338,1.366,0.698,0.594,0.123,0.243,765,1569439,0.000487435,0.962000012
Uzbekistan,Central and Eastern Europe,44,6.096,0.719,1.584,0.605,0.724,0.259,0.328,447400,32955400,0.013575924,5.22300005
Kuwait,Middle East and Northern Africa,45,6.083,1.474,1.301,0.675,0.554,0.106,0.167,17818,4137309,0.004306664,2.075999975
Thailand,Southeastern Asia,46,6.072,1.016,1.417,0.707,0.637,0.029,0.364,513120,69428524,0.007390622,0.665000021
Italy,Western Europe,47,6,1.264,1.501,0.946,0.281,0.028,0.137,301336,60431283,0.004986424,10.20499992
Ecuador,Latin America and Caribbean,48,5.973,0.889,1.33,0.736,0.556,0.12,0.114,276841,17084357,0.016204356,3.910000086
Belize,North America,49,5.956,0.807,1.101,0.474,0.593,0.089,0.183,22966,383071,0.059952333,9.368000031
Lithuania,Central and Eastern Europe,50,5.952,1.197,1.527,0.716,0.35,0.006,0.026,65300,2789533,0.023408936,6.006999969
Slovenia,Central and Eastern Europe,51,5.948,1.219,1.506,0.856,0.633,0.051,0.16,20273,2067372,0.009806169,5.510000229
Romania,Central and Eastern Europe,52,5.945,1.116,1.219,0.726,0.528,0.001,0.088,238391,19473936,0.012241542,4.295000076
Latvia,Central and Eastern Europe,53,5.933,1.148,1.454,0.671,0.363,0.066,0.092,64559,1926542,0.0335103,7.856999874
Japan,Eastern Asia,54,5.915,1.294,1.462,0.988,0.553,0.15,0.079,377930,126529100,0.002986902,2.444999933
Mauritius,Sub-Saharan Africa,55,5.891,1.09,1.387,0.684,0.584,0.05,0.245,2040,1265303,0.001612262,6.867000103
Jamaica,Latin America and Caribbean,56,5.89,0.819,1.493,0.693,0.575,0.031,0.096,10991,2934855,0.003744989,9.444999695
South Korea,Eastern Asia,57,5.875,1.266,1.204,0.955,0.244,0.051,0.175,100210,51171706,0.001958309,4
Northern Cyprus,Western Europe,58,5.835,1.229,1.211,0.909,0.495,0.154,0.179,3355,1189265,0.00282107,8
Russia,Central and Eastern Europe,59,5.81,1.151,1.479,0.599,0.399,0.025,0.065,17098242,145734038,0.117324972,4.8
Kazakhstan,Central and Eastern Europe,60,5.79,1.143,1.516,0.631,0.454,0.121,0.148,2724900,18276499,0.149093106,4.885000229
Cyprus,Western Europe,61,5.762,1.229,1.191,0.909,0.423,0.035,0.202,9251,1189265,0.007778754,8.109000206
Bolivia,Latin America and Caribbean,62,5.752,0.751,1.223,0.508,0.606,0.054,0.141,1098581,11353142,0.09676449,3.257999897
Estonia,Central and Eastern Europe,63,5.739,1.2,1.532,0.737,0.553,0.174,0.086,45227,1320884,0.034239948,5.507999897
Paraguay,Latin America and Caribbean,64,5.681,0.835,1.522,0.615,0.541,0.074,0.162,406752,6956071,0.058474389,4.711999893
Peru,Latin America and Caribbean,65,5.663,0.934,1.249,0.674,0.53,0.034,0.092,1285216,31989256,0.040176489,2.844000101
Kosovo,Central and Eastern Europe,66,5.662,0.855,1.23,0.578,0.448,0.023,0.274,10890,1845300,0.005901479,29.6
Moldova,Central and Eastern Europe,67,5.64,0.657,1.301,0.62,0.232,0,0.171,33846,3545883,0.009545154,3.411000013
Turkmenistan,Central and Eastern Europe,68,5.636,1.016,1.533,0.517,0.417,0.037,0.199,488100,5850908,0.083422949,3.782999992
Hungary,Central and Eastern Europe,69,5.62,1.171,1.401,0.732,0.259,0.022,0.061,93028,9768785,0.009522986,3.663000107
Libya,Middle East and Northern Africa,70,5.566,0.985,1.35,0.553,0.496,0.148,0.116,1759540,6678567,0.263460709,17.28700066
Philippines,Southeastern Asia,71,5.524,0.775,1.312,0.513,0.643,0.105,0.12,342353,106651922,0.003210003,2.515000105
Honduras,Latin America and Caribbean,72,5.504,0.62,1.205,0.622,0.459,0.074,0.197,112492,9587522,0.011733167,4.076000214
Belarus,Central and Eastern Europe,73,5.483,1.039,1.498,0.7,0.307,0.154,0.101,207600,9485386,0.0218863,5.708000183
Turkey,Middle East and Northern Africa,74,5.483,1.148,1.38,0.686,0.324,0.109,0.106,783562,82319724,0.009518521,10.89500046
Pakistan,Southern Asia,75,5.472,0.652,0.81,0.424,0.334,0.113,0.216,881912,212215030,0.004155747,3.038000107
Hong Kong,Eastern Asia,76,5.43,1.405,1.29,1.03,0.524,0.291,0.246,1104,7371730,0.000149761,2.8
Portugal,Western Europe,77,5.41,1.188,1.429,0.884,0.562,0.017,0.055,92090,10281762,0.008956636,6.860000134
Serbia,Central and Eastern Europe,78,5.398,0.975,1.369,0.685,0.288,0.043,0.134,88361,6982084,0.012655391,13.51000023
Greece,Western Europe,79,5.358,1.154,1.202,0.879,0.131,0.044,0,131990,10727668,0.012303699,19.20700073
Lebanon,Middle East and Northern Africa,80,5.358,0.965,1.179,0.785,0.503,0.136,0.214,10452,6848925,0.001526079,6.166999817
Montenegro,Central and Eastern Europe,81,5.347,1.017,1.279,0.729,0.259,0.081,0.111,13812,622345,0.022193478,15.46199989
Croatia,Central and Eastern Europe,82,5.321,1.115,1.161,0.737,0.38,0.039,0.12,56594,4089400,0.013839194,8.850000381
Dominican Republic,Latin America and Caribbean,83,5.302,0.982,1.441,0.614,0.578,0.106,0.12,48671,10627165,0.004579867,5.828999996
Algeria,Middle East and Northern Africa,84,5.295,0.979,1.154,0.687,0.077,0.135,0.055,2381741,42228429,0.056401364,12.14500046
Morocco,Middle East and Northern Africa,85,5.254,0.779,0.797,0.669,0.46,0.074,0.026,446550,36029138,0.012394135,9.039999962
China,Eastern Asia,86,5.246,0.989,1.142,0.799,0.597,0.103,0.029,9706961,1392730000,0.006969736,4.416999817
Azerbaijan,Central and Eastern Europe,87,5.201,1.024,1.161,0.603,0.43,0.176,0.031,86600,9942334,0.008710228,5.21999979
Tajikistan,Central and Eastern Europe,88,5.199,0.474,1.166,0.598,0.292,0.034,0.187,143100,9100837,0.015723828,10.92199993
Macedonia,Central and Eastern Europe,89,5.185,0.959,1.239,0.691,0.394,0.052,0.173,25713,2082957,0.01234447,21.55
Jordan,Middle East and Northern Africa,90,5.161,0.822,1.265,0.645,0.468,0.134,0.13,89342,9956011,0.008973674,15.02499962
Nigeria,Sub-Saharan Africa,91,5.155,0.689,1.172,0.048,0.462,0.032,0.201,923768,195874740,0.004716116,6.026000023
Kyrgyzstan,Central and Eastern Europe,92,5.131,0.53,1.416,0.594,0.54,0.035,0.281,199951,6304030,0.031717965,2.7
Bosnia and Herzegovina,Central and Eastern Europe,93,5.129,0.915,1.078,0.758,0.28,0,0.216,51209,3323929,0.015406165,20.8390007
Mongolia,Eastern Asia,94,5.125,0.914,1.517,0.575,0.395,0.032,0.253,1564110,3170208,0.493377722,6.320000172
Vietnam,Southeastern Asia,95,5.103,0.715,1.365,0.702,0.618,0.079,0.177,331212,95540395,0.003466722,1.891000032
Indonesia,Southeastern Asia,96,5.093,0.899,1.215,0.522,0.538,0.018,0.484,1904569,267663435,0.007115537,4.300000191
Bhutan,Southern Asia,97,5.082,0.796,1.335,0.527,0.541,0.171,0.364,38394,754394,0.05089383,2.197000027
Somalia,Middle East and Northern Africa,98,4.982,0,0.712,0.115,0.674,0.282,0.238,637657,15008154,0.042487371,13.95600033
Cameroon,Sub-Saharan Africa,99,4.975,0.535,0.891,0.182,0.454,0.043,0.183,475442,25216237,0.018854598,3.361000061
Bulgaria,Central and Eastern Europe,100,4.933,1.054,1.515,0.712,0.359,0.009,0.064,110879,7024216,0.015785249,5.261000156
Nepal,Southern Asia,101,4.88,0.425,1.228,0.539,0.526,0.078,0.302,147181,28087871,0.00524002,1.264000058
Venezuela,Latin America and Caribbean,102,4.806,0.996,1.469,0.657,0.133,0.052,0.056,916445,2887118,0.317425543,8.37
Gabon,Sub-Saharan Africa,103,4.758,1.036,1.164,0.404,0.356,0.052,0.032,267668,2119275,0.126301683,19.48800087
Palestinian Territories,Middle East and Northern Africa,104,4.743,0.642,1.217,0.602,0.266,0.076,0.086,6220,4862979,0.001279051,17
South Africa,Sub-Saharan Africa,105,4.724,0.94,1.41,0.33,0.516,0.056,0.103,1221037,57779622,0.021132658,26.95800018
Iran,Middle East and Northern Africa,106,4.707,1.059,0.771,0.691,0.459,0.129,0.282,1648195,81800188,0.020149037,12
Ivory Coast,Sub-Saharan Africa,107,4.671,0.541,0.872,0.08,0.467,0.103,0.146,322463,25069230,0.0128629,2.48
Ghana,Sub-Saharan Africa,108,4.657,0.592,0.896,0.337,0.499,0.029,0.212,238533,29767108,0.008013308,6.710000038
Senegal,Sub-Saharan Africa,109,4.631,0.429,1.117,0.433,0.406,0.082,0.138,196722,15854360,0.012408069,6.464000225
Laos,Southeastern Asia,110,4.623,0.72,1.034,0.441,0.626,0.174,0.23,236800,7061507,0.033533918,0.61
Tunisia,Middle East and Northern Africa,111,4.592,0.9,0.906,0.69,0.271,0.063,0.04,163610,11565204,0.014146746,15.47799969
Albania,Central and Eastern Europe,112,4.586,0.916,0.817,0.79,0.419,0.032,0.149,28748,2866376,0.010029389,13.89799976
Sierra Leone,Sub-Saharan Africa,113,4.571,0.256,0.813,0,0.355,0.053,0.238,71740,7650154,0.009377589,4.313000202
Congo (Brazzaville),Sub-Saharan Africa,114,4.559,0.682,0.811,0.343,0.514,0.077,0.091,342000,5279517,0.064778653,10.4
Bangladesh,Southern Asia,115,4.5,0.532,0.85,0.579,0.58,0.144,0.153,147570,161356039,0.000914561,4.308000088
Sri Lanka,Southern Asia,116,4.471,0.918,1.314,0.672,0.585,0.05,0.307,65610,21670000,0.003027688,4.399000168
Iraq,Middle East and Northern Africa,117,4.456,1.01,0.971,0.536,0.304,0.095,0.148,438317,38433600,0.011404526,7.927999973
Mali,Sub-Saharan Africa,118,4.447,0.37,1.233,0.152,0.367,0.056,0.139,1240192,19077690,0.065007451,9.569000244
Namibia,Sub-Saharan Africa,119,4.441,0.874,1.281,0.365,0.519,0.064,0.051,825615,2448255,0.337225902,23.09499931
Cambodia,Southeastern Asia,120,4.433,0.549,1.088,0.457,0.696,0.065,0.256,181035,16249798,0.011140754,1.047999978
Burkina Faso,Sub-Saharan Africa,121,4.424,0.314,1.097,0.254,0.312,0.128,0.175,272967,19751535,0.01382004,6.059000015
Egypt,Middle East and Northern Africa,122,4.419,0.885,1.025,0.553,0.312,0.107,0.092,1002450,98423598,0.010185057,11.44
Mozambique,Sub-Saharan Africa,123,4.417,0.198,0.902,0.173,0.531,0.158,0.206,801590,29495962,0.027176262,3.171999931
Kenya,Sub-Saharan Africa,124,4.41,0.493,1.048,0.454,0.504,0.055,0.352,580367,51393010,0.011292722,9.312999725
Zambia,Sub-Saharan Africa,125,4.377,0.562,1.047,0.295,0.503,0.082,0.221,752612,17351822,0.043373658,7.209000111
Mauritania,Sub-Saharan Africa,126,4.356,0.557,1.245,0.292,0.129,0.093,0.134,1030700,4403319,0.234073434,10.30500031
Ethiopia,Sub-Saharan Africa,127,4.35,0.308,0.95,0.391,0.452,0.146,0.22,1104300,109224559,0.010110364,1.809000015
Georgia,Central and Eastern Europe,128,4.34,0.853,0.592,0.643,0.375,0.215,0.038,69700,3731000,0.018681319,14.10599995
Armenia,Central and Eastern Europe,129,4.321,0.816,0.99,0.666,0.26,0.028,0.077,29743,2951776,0.010076307,17.71199989
Myanmar,Southeastern Asia,130,4.308,0.682,1.174,0.429,0.58,0.178,0.598,676578,53708395,0.012597249,1.56400001
Chad,Sub-Saharan Africa,131,4.301,0.358,0.907,0.053,0.189,0.06,0.181,1284000,15477751,0.082957789,2.229000092
Congo (Kinshasa),Sub-Saharan Africa,132,4.245,0.069,1.136,0.204,0.312,0.052,0.197,2345000,8406891,0.278937838,46
India,Southern Asia,133,4.19,0.721,0.747,0.485,0.539,0.093,0.172,3287590,1352617328,0.00243054,2.551000118
Niger,Sub-Saharan Africa,134,4.166,0.131,0.867,0.221,0.39,0.099,0.175,1267000,22442948,0.056454259,0.273000002
Uganda,Sub-Saharan Africa,135,4.161,0.322,1.09,0.237,0.45,0.061,0.259,241550,42723139,0.005653845,1.741999984
Benin,Sub-Saharan Africa,136,4.141,0.378,0.372,0.24,0.44,0.067,0.163,112622,11485048,0.009805967,2.125
Sudan,Sub-Saharan Africa,137,4.139,0.605,1.24,0.312,0.016,0.082,0.134,1886068,41801533,0.045119589,12.8760004
Ukraine,Central and Eastern Europe,138,4.103,0.793,1.413,0.609,0.163,0.011,0.187,603500,44622516,0.013524562,9.380999565
Togo,Sub-Saharan Africa,139,3.999,0.259,0.474,0.253,0.434,0.101,0.158,56785,7889094,0.007197911,1.667999983
Guinea,Sub-Saharan Africa,140,3.964,0.344,0.792,0.211,0.394,0.094,0.185,245857,12414318,0.01980431,3.607000113
Lesotho,Sub-Saharan Africa,141,3.808,0.472,1.215,0.079,0.423,0.112,0.116,30355,2108132,0.014399003,23.59600067
Angola,Sub-Saharan Africa,142,3.795,0.73,1.125,0.269,0,0.061,0.079,1246700,30809762,0.040464448,7.252999783
Madagascar,Sub-Saharan Africa,143,3.774,0.262,0.908,0.402,0.221,0.049,0.155,587041,26262368,0.022352935,1.659000039
Zimbabwe,Sub-Saharan Africa,144,3.692,0.357,1.094,0.248,0.406,0.099,0.132,390757,14439018,0.027062574,4.914999962
Afghanistan,Southern Asia,145,3.632,0.332,0.537,0.255,0.085,0.036,0.191,652230,37172386,0.017546089,1.542000055
Botswana,Sub-Saharan Africa,146,3.59,1.017,1.174,0.417,0.557,0.092,0.042,582000,2254126,0.258193198,17.94099998
Malawi,Sub-Saharan Africa,147,3.587,0.186,0.541,0.306,0.531,0.08,0.21,118484,18143315,0.006530449,5.429999828
Haiti,Latin America and Caribbean,148,3.582,0.315,0.714,0.289,0.025,0.104,0.392,27750,11123176,0.002494791,13.52600002
Liberia,Sub-Saharan Africa,149,3.495,0.076,0.858,0.267,0.419,0.03,0.206,111369,4818977,0.023110507,2.032999992
Syria,Middle East and Northern Africa,150,3.462,0.689,0.382,0.539,0.088,0.144,0.376,185180,16945057,0.010928261,8.12
Rwanda,Sub-Saharan Africa,151,3.408,0.332,0.896,0.4,0.636,0.444,0.2,26338,12301939,0.002140963,0.971000016
Yemen,Middle East and Northern Africa,152,3.355,0.442,1.073,0.343,0.244,0.064,0.083,527968,28498683,0.018526049,12.9
Tanzania,Sub-Saharan Africa,153,3.303,0.455,0.991,0.381,0.481,0.097,0.27,945087,56318348,0.016781156,1.932000041
South Sudan,Middle East and Northern Africa,154,3.254,0.337,0.608,0.177,0.112,0.106,0.224,619745,10975920,0.05646406,12.6960001
Central African Republic,Sub-Saharan Africa,155,3.083,0.024,0,0.01,0.305,0.038,0.218,622984,4666377,0.133504858,6.482999802
Burundi,Sub-Saharan Africa,156,2.905,0.091,0.627,0.145,0.065,0.076,0.149,27834,11175378,0.002490654,1.527999997
Finland,Western Europe,1,7.769,1.34,1.587,0.986,0.596,0.153,0.393,338424,5532156,0.06117398,7.251999855
Denmark,Western Europe,2,7.6,1.383,1.573,0.996,0.592,0.252,0.41,43094,5771876,0.007466203,4.830999851
Norway,Western Europe,3,7.554,1.488,1.582,1.028,0.603,0.271,0.341,323802,5378857,0.060199035,3.967000008
Iceland,Western Europe,4,7.494,1.38,1.624,1.026,0.591,0.354,0.118,103000,339031,0.303807026,2.950000048
Netherlands,Western Europe,5,7.488,1.396,1.522,0.999,0.557,0.322,0.298,41850,17097130,0.002447779,3.760999918
Switzerland,Western Europe,6,7.48,1.452,1.526,1.052,0.572,0.263,0.343,41284,8591365,0.00480529,4.874000072
Sweden,Western Europe,7,7.343,1.387,1.487,1.009,0.574,0.267,0.373,450295,10036379,0.044866281,6.837999821
New Zealand,Australia and New Zealand,8,7.307,1.303,1.557,1.026,0.585,0.33,0.38,270467,4783063,0.056546819,4.80700016
Canada,North America,9,7.278,1.365,1.505,1.039,0.584,0.285,0.308,9984670,37411047,0.266890953,6.05700016
Austria,Western Europe,10,7.246,1.376,1.475,1.016,0.532,0.244,0.226,83871,8955102,0.009365722,4.635000229
Australia,Australia and New Zealand,11,7.228,1.372,1.548,1.036,0.557,0.332,0.29,7692024,25203198,0.305200316,5.328000069
Costa Rica,Latin America and Caribbean,12,7.167,1.034,1.441,0.963,0.558,0.144,0.093,51100,5047561,0.010123701,8.190999985
Israel,Middle East and Northern Africa,13,7.139,1.276,1.455,1.029,0.371,0.261,0.082,20770,8519377,0.002437972,3.930999994
Luxembourg,Western Europe,14,7.09,1.609,1.479,1.012,0.526,0.194,0.316,2586,615729,0.0041999,5.413000107
United Kingdom,Western Europe,15,7.054,1.333,1.538,0.996,0.45,0.348,0.278,242900,67530172,0.003596911,3.809000015
Ireland,Western Europe,16,7.021,1.499,1.553,0.999,0.516,0.298,0.31,70273,4882495,0.014392846,5.28399992
Germany,Western Europe,17,6.985,1.373,1.454,0.987,0.495,0.261,0.265,357114,83517045,0.004275942,3.198999882
Belgium,Western Europe,18,6.923,1.356,1.504,0.986,0.473,0.16,0.21,30528,11539328,0.002645561,6.440999985
United States,North America,19,6.892,1.433,1.457,0.874,0.454,0.28,0.128,9372610,329064917,0.028482556,3.868999958
Czech Republic,Central and Eastern Europe,20,6.852,1.269,1.487,0.92,0.457,0.046,0.036,78865,10689209,0.007378001,2.473999977
United Arab Emirates,Middle East and Northern Africa,21,6.825,1.503,1.31,0.825,0.598,0.262,0.182,83600,9770529,0.008556343,2.642999887
Malta,Western Europe,22,6.726,1.3,1.52,0.999,0.564,0.375,0.151,316,440372,0.000717575,4.626999855
Mexico,Latin America and Caribbean,23,6.595,1.07,1.323,0.861,0.433,0.074,0.073,1964375,127575529,0.015397741,3.378000021
France,Western Europe,24,6.592,1.324,1.472,1.045,0.436,0.111,0.183,551695,65129728,0.008470709,9.098999977
Taiwan,Eastern Asia,25,6.446,1.368,1.43,0.914,0.351,0.242,0.097,36193,23773876,0.001522385,3.7
Chile,Latin America and Caribbean,26,6.444,1.159,1.369,0.92,0.357,0.187,0.056,756102,18952038,0.039895551,7.43200016
Guatemala,Latin America and Caribbean,27,6.436,0.8,1.269,0.746,0.535,0.175,0.078,108889,17581472,0.006193395,2.746000051
Saudi Arabia,Middle East and Northern Africa,28,6.375,1.403,1.357,0.795,0.439,0.08,0.132,2149690,34268528,0.062730736,5.918000221
Qatar,Middle East and Northern Africa,29,6.374,1.684,1.313,0.871,0.555,0.22,0.167,11586,2832067,0.004091005,0.144999996
Spain,Western Europe,30,6.354,1.286,1.484,1.062,0.362,0.153,0.079,505992,46736776,0.010826421,14.69999981
Panama,Latin America and Caribbean,31,6.321,1.149,1.442,0.91,0.516,0.109,0.054,75417,4246439,0.017760057,3.904999971
Brazil,Latin America and Caribbean,32,6.3,1.004,1.439,0.802,0.39,0.099,0.086,8515767,211049527,0.040349614,12.21800041
Uruguay,Latin America and Caribbean,33,6.293,1.124,1.465,0.891,0.523,0.127,0.15,181034,3461734,0.052295757,7.941999912
Singapore,Southeastern Asia,34,6.262,1.572,1.463,1.141,0.556,0.271,0.453,710,5804337,0.000122322,3.624000072
El Salvador,Latin America and Caribbean,35,6.253,0.794,1.242,0.789,0.43,0.093,0.074,21041,6453553,0.003260375,4.346000195
Italy,Western Europe,36,6.223,1.294,1.488,1.039,0.231,0.158,0.03,301336,60550075,0.004976641,9.215000153
Bahrain,Middle East and Northern Africa,37,6.199,1.362,1.368,0.871,0.536,0.255,0.11,765,1641172,0.00046613,0.967999995
Slovakia,Central and Eastern Europe,38,6.198,1.246,1.504,0.881,0.334,0.121,0.014,49037,5457013,0.008986052,5.7
Trinidad & Tobago,Western Europe,39,6.192,1.231,1.477,0.713,0.489,0.185,0.016,5131,1328018,0.003863652,4.825
Poland,Central and Eastern Europe,40,6.182,1.206,1.438,0.884,0.483,0.117,0.05,312679,37887768,0.008252769,3.270999908
Uzbekistan,Central and Eastern Europe,41,6.174,0.745,1.529,0.756,0.631,0.322,0.24,447400,32981716,0.013565092,5.499000072
Lithuania,Central and Eastern Europe,42,6.149,1.238,1.515,0.818,0.291,0.043,0.042,65300,2759627,0.023662618,6.638000011
Colombia,Latin America and Caribbean,43,6.125,0.985,1.41,0.841,0.47,0.099,0.034,1141748,50339443,0.022680982,9.187999725
Slovenia,Central and Eastern Europe,44,6.118,1.258,1.523,0.953,0.564,0.144,0.057,20273,2078654,0.009752946,5.501999855
Nicaragua,Latin America and Caribbean,45,6.105,0.694,1.325,0.835,0.435,0.2,0.127,130373,6545502,0.019917953,4.869999886
Kosovo,Central and Eastern Europe,46,6.1,0.882,1.232,0.758,0.489,0.262,0.006,10890,1810403,0.006015235,25.3
Argentina,Latin America and Caribbean,47,6.086,1.092,1.432,0.881,0.471,0.066,0.05,2780400,44780677,0.06208928,9.984999657
Romania,Central and Eastern Europe,48,6.07,1.162,1.232,0.825,0.462,0.083,0.005,238391,19364557,0.012310687,4.15899992
Cyprus,Western Europe,49,6.046,1.263,1.223,1.042,0.406,0.19,0.041,9251,1198575,0.007718332,7.916999817
Ecuador,Latin America and Caribbean,50,6.028,0.912,1.312,0.868,0.498,0.126,0.087,276841,17373662,0.015934522,3.980999947
Kuwait,Middle East and Northern Africa,51,6.021,1.5,1.319,0.808,0.493,0.142,0.097,17818,4207083,0.004235239,2.164999962
Thailand,Southeastern Asia,52,6.008,1.05,1.409,0.828,0.557,0.359,0.028,513120,69625582,0.007369705,0.694999993
Latvia,Central and Eastern Europe,53,5.94,1.187,1.465,0.812,0.264,0.075,0.064,64559,1906743,0.03385826,8.222999573
South Korea,Eastern Asia,54,5.895,1.301,1.219,1.036,0.159,0.175,0.056,100210,51225308,0.00195626,3.5
Estonia,Central and Eastern Europe,55,5.893,1.237,1.528,0.874,0.495,0.103,0.161,45227,1325648,0.0341169,5.881999969
Jamaica,Latin America and Caribbean,56,5.89,0.831,1.478,0.831,0.49,0.107,0.028,10991,2948279,0.003727938,9.524000168
Mauritius,Sub-Saharan Africa,57,5.888,1.12,1.402,0.798,0.498,0.215,0.06,2040,1269668,0.001606719,6.868999958
Japan,Eastern Asia,58,5.886,1.327,1.419,1.088,0.445,0.069,0.14,377930,126860301,0.002979104,2.405999899
Honduras,Latin America and Caribbean,59,5.86,0.642,1.236,0.828,0.507,0.246,0.078,112492,9746117,0.011542238,4.109000206
Kazakhstan,Central and Eastern Europe,60,5.809,1.173,1.508,0.729,0.41,0.146,0.096,2724900,18551427,0.146883579,5.425000191
Bolivia,Latin America and Caribbean,61,5.779,0.776,1.209,0.706,0.511,0.137,0.064,1098581,11513100,0.095420087,3.266000032
Hungary,Central and Eastern Europe,62,5.758,1.201,1.41,0.828,0.199,0.081,0.02,93028,9684679,0.009605687,3.463999987
Paraguay,Latin America and Caribbean,63,5.743,0.855,1.475,0.777,0.514,0.184,0.08,406752,7044636,0.05773925,4.676000118
Northern Cyprus,Western Europe,64,5.718,1.263,1.252,1.042,0.417,0.191,0.162,3355,326000,0.010291411,7.7
Peru,Latin America and Caribbean,65,5.697,0.96,1.274,0.854,0.455,0.083,0.027,1285216,32510453,0.039532393,2.90199995
Portugal,Western Europe,66,5.693,1.221,1.431,0.999,0.508,0.047,0.025,92090,10226187,0.009005312,6.129000187
Pakistan,Southern Asia,67,5.653,0.677,0.886,0.535,0.313,0.22,0.098,881912,216565318,0.004072268,3.019999981
Russia,Central and Eastern Europe,68,5.648,1.183,1.452,0.726,0.334,0.082,0.031,17098242,145872256,0.117213804,4.6
Philippines,Southeastern Asia,69,5.631,0.807,1.293,0.657,0.558,0.117,0.107,342353,108116615,0.003166516,2.411999941
Serbia,Central and Eastern Europe,70,5.603,1.004,1.383,0.854,0.282,0.137,0.039,88361,8772235,0.010072804,13.51299953
Moldova,Central and Eastern Europe,71,5.529,0.685,1.328,0.739,0.245,0.181,0,33846,4043263,0.008370962,3.733999968
Libya,Middle East and Northern Africa,72,5.525,1.044,1.303,0.673,0.416,0.133,0.152,1759540,6777452,0.259616741,17.29999924
Montenegro,Central and Eastern Europe,73,5.523,1.051,1.361,0.871,0.197,0.142,0.08,13812,627987,0.021994086,15.77600002
Tajikistan,Central and Eastern Europe,74,5.467,0.493,1.098,0.718,0.389,0.23,0.144,143100,9321018,0.0153524,11.08199978
Croatia,Central and Eastern Europe,75,5.432,1.155,1.266,0.914,0.296,0.119,0.022,56594,4130304,0.013702139,7.769000053
Hong Kong,Eastern Asia,76,5.43,1.438,1.277,1.122,0.44,0.258,0.287,1104,7436154,0.000148464,2.9
Dominican Republic,Latin America and Caribbean,77,5.425,1.015,1.401,0.779,0.497,0.113,0.101,48671,10738958,0.00453219,5.828000069
Bosnia and Herzegovina,Central and Eastern Europe,78,5.386,0.945,1.212,0.845,0.212,0.263,0.006,51209,3301000,0.015513178,21.21800041
Turkey,Middle East and Northern Africa,79,5.373,1.183,1.36,0.808,0.195,0.083,0.106,783562,83429615,0.009391893,11.89500046
Malaysia,Southeastern Asia,80,5.339,1.221,1.171,0.828,0.508,0.26,0.024,330803,31949777,0.010353844,3.398999929
Belarus,Central and Eastern Europe,81,5.323,1.067,1.465,0.789,0.235,0.094,0.142,207600,9452411,0.021962651,5.795000076
Greece,Western Europe,82,5.287,1.181,1.156,0.999,0.067,0,0.034,131990,10473455,0.012602336,18.08099937
Mongolia,Eastern Asia,83,5.285,0.948,1.531,0.667,0.317,0.235,0.038,1564110,3225167,0.484970236,6.346000195
North Macedonia,Eastern Asia,84,5.274,0.983,1.294,0.838,0.345,0.185,0.034,25710,2093184,0.012282723,21.58099937
Nigeria,Sub-Saharan Africa,85,5.265,0.696,1.111,0.245,0.426,0.215,0.041,923768,200963599,0.004596693,6.105999947
Kyrgyzstan,Central and Eastern Europe,86,5.261,0.551,1.438,0.723,0.508,0.3,0.023,199951,6415850,0.031165161,3.3
Turkmenistan,Central and Eastern Europe,87,5.247,1.052,1.538,0.657,0.394,0.244,0.028,488100,5942089,0.082142829,3.851000071
Algeria,Middle East and Northern Africa,88,5.211,1.002,1.16,0.785,0.086,0.073,0.114,2381741,43053054,0.05532107,12.34899998
Morocco,Middle East and Northern Africa,89,5.208,0.801,0.782,0.782,0.418,0.036,0.076,446550,36471769,0.012243717,9.027999878
Azerbaijan,Central and Eastern Europe,90,5.208,1.043,1.147,0.769,0.351,0.035,0.182,86600,10047718,0.008618872,5.395999908
Lebanon,Middle East and Northern Africa,91,5.197,0.987,1.224,0.815,0.216,0.166,0.027,10452,6855713,0.001524568,6.196000099
Indonesia,Southeastern Asia,92,5.192,0.931,1.203,0.66,0.491,0.498,0.028,1904569,270625568,0.007037654,4.375
China,Eastern Asia,93,5.191,1.029,1.125,0.893,0.521,0.058,0.1,9706961,1433783686,0.006770171,4.423999786
Vietnam,Southeastern Asia,94,5.175,0.741,1.346,0.851,0.543,0.147,0.073,331212,96462106,0.003433597,1.894000053
Bhutan,Southern Asia,95,5.082,0.813,1.321,0.604,0.457,0.37,0.167,38394,763092,0.050313724,2.187000036
Cameroon,Sub-Saharan Africa,96,5.044,0.549,0.91,0.331,0.381,0.187,0.037,475442,25876380,0.01837359,3.339999914
Bulgaria,Central and Eastern Europe,97,5.011,1.092,1.513,0.815,0.311,0.081,0.004,110879,7000119,0.015839588,4.818999767
Ghana,Sub-Saharan Africa,98,4.996,0.611,0.868,0.486,0.381,0.245,0.04,238533,30417856,0.007841874,6.78399992
Ivory Coast,Sub-Saharan Africa,99,4.944,0.569,0.808,0.232,0.352,0.154,0.09,322463,25716544,0.012539127,2.44
Nepal,Southern Asia,100,4.913,0.446,1.226,0.677,0.439,0.285,0.089,147181,28608710,0.005144622,1.246999979
Jordan,Middle East and Northern Africa,101,4.906,0.837,1.225,0.815,0.383,0.11,0.13,89342,10101694,0.008844259,14.94499969
Benin,Sub-Saharan Africa,102,4.883,0.393,0.437,0.397,0.349,0.175,0.082,112622,11801151,0.009543306,2.025000095
Congo (Brazzaville),Sub-Saharan Africa,103,4.812,0.673,0.799,0.508,0.372,0.105,0.093,342000,5179950,0.066023803,7.958
Gabon,Sub-Saharan Africa,104,4.799,1.057,1.183,0.571,0.295,0.043,0.055,267668,2172579,0.123202885,19.6060009
Laos,Southeastern Asia,105,4.796,0.764,1.03,0.551,0.547,0.266,0.164,236800,7169455,0.03302901,0.6
South Africa,Sub-Saharan Africa,106,4.722,0.96,1.351,0.469,0.389,0.13,0.055,1221037,58558270,0.020851658,27.32099915
Albania,Central and Eastern Europe,107,4.719,0.947,0.848,0.874,0.383,0.178,0.027,28748,2880917,0.009978767,13.95600033
Venezuela,Latin America and Caribbean,108,4.707,0.96,1.427,0.805,0.154,0.064,0.047,916445,28515829,0.032138115,44.3
Cambodia,Southeastern Asia,109,4.7,0.574,1.122,0.637,0.609,0.232,0.062,181035,16486542,0.010980775,1.019999981
Palestinian Territories,Middle East and Northern Africa,110,4.696,0.657,1.247,0.672,0.225,0.103,0.066,6220,5045592,0.001232759,27
Senegal,Sub-Saharan Africa,111,4.681,0.45,1.134,0.571,0.292,0.153,0.072,196722,16296364,0.012071527,6.521999836
Somalia,Middle East and Northern Africa,112,4.668,0,0.698,0.268,0.559,0.243,0.27,637657,15442905,0.04129126,13.95499992
Namibia,Sub-Saharan Africa,113,4.639,0.879,1.313,0.477,0.401,0.07,0.056,825615,2494530,0.330970163,23.18700027
Niger,Sub-Saharan Africa,114,4.628,0.138,0.774,0.366,0.318,0.188,0.102,1267000,23310715,0.054352687,0.256999999
Burkina Faso,Sub-Saharan Africa,115,4.587,0.331,1.056,0.38,0.255,0.177,0.113,272967,20321378,0.013432504,6.149000168
Armenia,Central and Eastern Europe,116,4.559,0.85,1.055,0.815,0.283,0.095,0.064,29743,2957731,0.010056019,17.70700073
Iran,Middle East and Northern Africa,117,4.548,1.1,0.842,0.785,0.305,0.27,0.125,1648195,82913906,0.01987839,0
Guinea,Sub-Saharan Africa,118,4.534,0.38,0.829,0.375,0.332,0.207,0.086,245857,12771246,0.019250823,3.572000027
Georgia,Central and Eastern Europe,119,4.519,0.886,0.666,0.752,0.346,0.043,0.164,69700,3996765,0.017439104,14.24600029
Gambia,Middle East and Northern Africa,120,4.516,0.308,0.939,0.428,0.382,0.269,0.167,10689,2347706,0.004552955,11
Kenya,Sub-Saharan Africa,121,4.509,0.512,0.983,0.581,0.431,0.372,0.053,580367,52573973,0.011039055,9.305000305
Mauritania,Sub-Saharan Africa,122,4.49,0.57,1.167,0.489,0.066,0.106,0.088,1030700,4525696,0.227743976,10.32199955
Mozambique,Sub-Saharan Africa,123,4.466,0.204,0.986,0.39,0.494,0.197,0.138,801590,30366036,0.026397584,3.190000057
Tunisia,Middle East and Northern Africa,124,4.461,0.921,1,0.815,0.167,0.059,0.055,163610,11694719,0.013990075,15.51000023
Bangladesh,Southern Asia,125,4.456,0.562,0.928,0.723,0.527,0.166,0.143,147570,163046161,0.000905081,4.293000221
Iraq,Middle East and Northern Africa,126,4.437,1.043,0.98,0.574,0.241,0.148,0.089,438317,39309783,0.011150329,7.90500021
Congo (Kinshasa),Sub-Saharan Africa,127,4.418,0.094,1.125,0.357,0.269,0.212,0.053,2345000,95784841,0.024481953,40
Mali,Sub-Saharan Africa,128,4.39,0.385,1.105,0.308,0.327,0.153,0.052,1240192,19658031,0.063088312,9.776000023
Sierra Leone,Sub-Saharan Africa,129,4.374,0.268,0.841,0.242,0.309,0.252,0.045,71740,7813215,0.00918188,4.329999924
Sri Lanka,Southern Asia,130,4.366,0.949,1.265,0.831,0.47,0.244,0.047,65610,21323733,0.003076853,4.322999954
Myanmar,Southeastern Asia,131,4.36,0.71,1.181,0.555,0.525,0.566,0.172,676578,54045420,0.012518693,1.575000048
Chad,Sub-Saharan Africa,132,4.35,0.35,0.766,0.192,0.174,0.198,0.078,1284000,15946876,0.080517338,2.319000006
Ukraine,Central and Eastern Europe,133,4.332,0.82,1.39,0.739,0.178,0.187,0.01,603500,43993638,0.013717893,9.312000275
Ethiopia,Sub-Saharan Africa,134,4.286,0.336,1.033,0.532,0.344,0.209,0.1,1104300,112078730,0.009852895,1.787999988
Swaziland,Sub-Saharan Africa,135,4.212,0.811,1.149,0,0.313,0.074,0.135,17364,1148130,0.015123723,22.5
Uganda,Sub-Saharan Africa,136,4.189,0.332,1.069,0.443,0.356,0.252,0.06,241550,44269594,0.005456341,1.786999941
Egypt,Middle East and Northern Africa,137,4.166,0.913,1.039,0.644,0.241,0.076,0.067,1002450,100388073,0.009985748,8.1
Zambia,Sub-Saharan Africa,138,4.107,0.578,1.058,0.426,0.431,0.247,0.087,752612,17861030,0.0421371,7.144999981
Togo,Sub-Saharan Africa,139,4.085,0.275,0.572,0.41,0.293,0.177,0.085,56785,8082366,0.007025789,1.669999957
India,Southern Asia,140,4.015,0.755,0.765,0.588,0.498,0.2,0.085,3287590,1366417754,0.002405992,2.551000118
Liberia,Sub-Saharan Africa,141,3.975,0.073,0.922,0.443,0.37,0.233,0.033,111369,4937374,0.022556322,2.032000065
Comoros,Sub-Saharan Africa,142,3.973,0.274,0.757,0.505,0.142,0.275,0.078,1862,850886,0.002188307,3.703000069
Madagascar,Sub-Saharan Africa,143,3.933,0.274,0.916,0.555,0.148,0.169,0.041,587041,26969307,0.021767004,1.644999981
Lesotho,Sub-Saharan Africa,144,3.802,0.489,1.169,0.168,0.359,0.107,0.093,30355,2125268,0.014282905,23.47500038
Burundi,Sub-Saharan Africa,145,3.775,0.046,0.447,0.38,0.22,0.176,0.18,27834,11530580,0.002413929,1.537999988
Zimbabwe,Sub-Saharan Africa,146,3.663,0.366,1.114,0.433,0.361,0.151,0.089,390757,14645468,0.026681087,4.897999763
Haiti,Latin America and Caribbean,147,3.597,0.323,0.688,0.449,0.026,0.419,0.11,27750,11263077,0.002463803,13.48400021
Botswana,Sub-Saharan Africa,148,3.488,1.041,1.145,0.538,0.455,0.025,0.1,582000,2303697,0.252637391,18.19199944
Syria,Middle East and Northern Africa,149,3.462,0.619,0.378,0.44,0.013,0.331,0.141,185180,17070135,0.010848186,14.9
Malawi,Sub-Saharan Africa,150,3.41,0.191,0.56,0.495,0.443,0.218,0.089,118484,18628747,0.006360277,5.375
Yemen,Middle East and Northern Africa,151,3.38,0.287,1.163,0.463,0.143,0.108,0.077,527968,29161922,0.018104705,12.9
Rwanda,Sub-Saharan Africa,152,3.334,0.359,0.711,0.614,0.555,0.217,0.411,26338,12626950,0.002085856,0.991999984
Tanzania,Sub-Saharan Africa,153,3.231,0.476,0.885,0.499,0.417,0.276,0.147,945087,58005463,0.016293069,1.911999941
Afghanistan,Southern Asia,154,3.203,0.35,0.517,0.361,0,0.158,0.025,652230,38041754,0.017145109,1.519000053
Central African Republic,Sub-Saharan Africa,155,3.083,0.026,0,0.105,0.225,0.235,0.035,622984,4745185,0.13128761,6.521999836
South Sudan,Middle East and Northern Africa,156,2.853,0.306,0.575,0.295,0.01,0.202,0.091,619745,11062113,0.056024107,12.71500015